ID;Status;Agendamento;Analista;Agência;Gestor;Projeto;Técnico;Demanda;Descrição;Observação;Data de Abertura;Data de Finalização;Log Agendamento;Etapas_Concluidas
;EM ANDAMENTO ;2025-09-23;MARCELA;AG 6506 BELO HORIZONTE-JARAGUA;DANILO;Unificadas;N/A;Instalação nova;"Realizar vistoria de infra
Fornecer e instalar a(s) câmera(s) n° 23 (Dori-PG) e 24 (Dori-SIF) - Modelo da câmera a ser instalada:  FD9388-HTV CÂMERA OUTDOOR FIXED DOME, 5MP 20FPS, H.265/H.264 - NO AUDIO
Fornecer e instalar a(s) câmera(s) n° 25 (escudo)
Verificar se há alguma infra para câmera no local que não constam no layout e nos avisar para ver a necessidade de instalação de novas câmeras
Verificar se as demais câmeras contempladas na normativa estão adequadas ao que é exigido pela Polícia Federal";;;;;
;NÃO INICIADO;2025-10-06;MARCELA;AG 3153 CONGONHAS-MG;DANILO;Unificadas;Jose Vieira;Instalação nova;"Validar infra
Fornecer e instalar a(s) câmera(s) n° 28 (Dori-PG) e Nº29 (Dori-SIF) - Modelo da câmera a ser instalada:  FD9388-HTV CÂMERA OUTDOOR FIXED DOME, 5MP 20FPS, H.265/H.264 - NO AUDIO
Fornecer e instalar a(s) câmera(s) Nº31 (Corredor Caixa).
Verificar a necessidade de um Switch
Recolher todas as infras de CFTV remanescente
Verificar se há alguma infra para câmera no local que não constam no layout e nos avisar para ver a necessidade de instalação de novas câmeras
Verificar se as demais câmeras contempladas na normativa estão adequadas ao que é exigido pela Polícia Federal";;;;;
;NÃO INICIADO;2025-09-23;MARCELA;AG 2932 BELO HORIZONTE-CIDADE NOVA;DANILO;Unificadas;Eduardo Duarte;Instalação nova;"
Realizar vistoria de infra
Fornecer e instalar a(s) câmera(s) n° 34 (Dori-PG) e 35 (Dori-SIF) - Modelo da câmera a ser instalada:  FD9388-HTV CÂMERA OUTDOOR FIXED DOME, 5MP 20FPS, H.265/H.264 - NO AUDIO
Fornecer e instalar a(s) câmera(s) n° 36 (escudo)
Verificar se há alguma infra para câmera no local que não constam no layout e nos avisar para ver a necessidade de instalação de novas câmeras
Verificar se as demais câmeras contempladas na normativa estão adequadas ao que é exigido pela Polícia Federal";;;;;
;NÃO INICIADO;2025-10-06;MARCELA;AG 4875 BELO HORIZONTE-BAIRRO RENASCENCA;SABRINA;Unificadas;Eduardo Duarte;Instalação nova;"No dia 06/10/2025 às 09h


Validar infra

Fornecer e instalar as câmeras n° 29 (Dori-PG) e 30 (Dori-SIF) - Modelo da câmera a ser instalada:  FD9388-HTV CÂMERA OUTDOOR FIXED DOME, 5MP 20FPS, H.265/H.264 - NO AUDIO

Fornecer e instalar a câmera n° 31 (escudo) e n° 14 (CBL)


*Recolher todas as infras de CFTV remanescente

*Verificar se há alguma infra para câmera no local que não constam no layout e nos avisar para ver a necessidade de instalação de novas câmeras

*Verificar se as demais câmeras contempladas na normativa estão adequadas ao que é exigido pela Polícia Federal";;;;;
;NÃO INICIADO;2025-10-16;MARCELA;AG 3137 SETE LAGOAS-CENTRO;SABRINA;Unificadas;Eduardo Duarte;Instalação nova;"
No dia 16/10/2025 às 09h

	Validar infra
	Fornecer e instalar a(s) câmera(s) n° 44 (Dori-PG), nº45 (Dori-SIF) - Modelo da câmera a ser instalada:  FD9388-HTV CÂMERA OUTDOOR FIXED DOME, 5MP 20FPS, H.265/H.264 - NO AUDIO
	Fornecer e instalar a(s) câmera(s) nº28 (com foco para mesa da tesouraria), n° 46 (escudo), nº30 (Cofre CBL)
	Verificar a necessidade instalação de 01 switch
	Recolher todas as infras de CFTV remanescente
	Verificar se há alguma infra para câmera no local que não constam no layout e nos avisar para ver a necessidade de instalação de novas câmeras
	Verificar se as demais câmeras contempladas na normativa estão adequadas ao que é exigido pela Polícia Federal";;;;;
;NÃO INICIADO;2025-10-06;MARCELA;AG 2078 HORTOLANDIA-SP;SABRINA;Unificadas;Fabio Barbosa;Instalação nova;"Validar infra
 
§ Fornecer e instalar a câmera(s) n° 33 (Dori-PG ) e 34 (Dori-SIF) - Modelo da câmera a ser instalada: FD9388-HTV CÂMERA OUTDOOR FIXED DOME, 5MP 20FPS, H.265/H.264 - NO AUDIO
 
§ Fornecer e instalar a câmera n° 35 (Escudo)
 
§ Recolher todas as infras de CFTV remanescente
 
§ Verificar se há alguma infra para câmera no local que não constam no layout e nos avisar para ver a necessidade de instalação de novas câmeras
 
§ Verificar se as demais câmeras contempladas na normativa estão adequadas ao que é exigido pela Polícia Federal";;;;;
;NÃO INICIADO;2025-10-17;MARCELA;AG 4273 SAO VICENTE-ITARARE;SABRINA;Unificadas;Manoel Xavier;Instalação nova;"No dia 17/10/2025 às 09h

*             Validar infra

*             Fornecer e instalar as câmeras n° 25 (Dori-PG) e nº 26 (Dori-SIF) - Modelo da câmera a ser instalada:  FD9388-HTV CÂMERA OUTDOOR FIXED DOME, 5MP 20FPS, H.265/H.264 - NO AUDIO

*             Fornecer e instalar a câmera n° 27 (Escudo/B40)

* Ajustar Câmera 09 (Caixas) - Não focaliza todos os Caixas

*             Recolher todas as infras de CFTV remanescente

*             Verificar se há alguma infra para câmera no local que não constam no layout e nos avisar para ver a necessidade de instalação de novas câmeras

*             Verificar se as demais câmeras contempladas na normativa estão adequadas ao que é exigido pela Polícia Federal
";;;;;
;NÃO INICIADO;2025-10-27;MARCELA;AG 3835 CURITIBA-COMENDADOR;GILSON;Moderzinação;Maicon Mendes;Vistoria;"27/10/2025 - segunda-feira – 09hrs
Conjunta vistoria com a construtora – SALA ONLINE
Acompanhar abertura da agência, após troca do quadro elétrico – garantir funcionamento de todos os sistemas de segurança ";;;;;
;NÃO INICIADO;2025-10-24;MARCELA;AG 3804 BELO HORIZONTE-VENDA NOVA;GILSON;Espaço Simplificado;Eduardo Duarte;Desinstalação Parcial;"AGENDAR:
Sexta-feira - 24/10/25 às 17 hs – desativação dos itens abaixo:
-01 fechadura biométrica em porta que será eliminada no superior – RECOLHER ";;;;;
;NÃO INICIADO;2025-10-20;MARCELA;AG 3804 BELO HORIZONTE-VENDA NOVA;GILSON;Espaço Simplificado;Eduardo Duarte;Reinstalação Parcial;"20/10/2025 – segunda-feira – 09hrs
Conjunta vistoria infra 
Reinstalar:  AA 06 hrs
01 sísmico ATM 06hrs";;;;;
;NÃO INICIADO;2025-10-17;MARCELA;AG 3804 BELO HORIZONTE-VENDA NOVA;GILSON;Espaço Simplificado;Eduardo Duarte;Desinstalação Parcial;"Segue programação:
17/10/2025 – sexta-feira - 16hrs
Desinstalar: AA 06 hrs
01 sísmico ATM 06hrs";;;;;
;NÃO INICIADO;2025-10-20;MARCELA;AG 6570 TIMBO-SC;SABRINA;Unificadas;Filipe Marinho ;Instalação nova;"	Validar infra
	Fornecer e instalar a(s) câmera(s) n°26 (Dori-PG) e n°27 (Dori-SIF) - Modelo da câmera a ser instalada:  FD9388-HTV CÂMERA OUTDOOR FIXED DOME, 5MP 20FPS, H.265/H.264 - NO AUDIO
	Remanejar câmera(s) nº15 (Corredor Caixa para o lado oposto).
	Recolher todas as infras de CFTV remanescente
	Verificar se há alguma infra para câmera no local que não constam no layout e nos avisar para ver a necessidade de instalação de novas câmeras
	Verificar se as demais câmeras contempladas na normativa estão adequadas ao que é exigido pela Polícia Federal";;;;;
;NÃO INICIADO;2025-10-20;GIOVANA;PERSONNALITE 3820 RIO BRANCO;ROSEANE;Espaço Person;Francisco Gilney;Reinstalação Parcial;20.10 às 10:00 - Reinstalar 05 câmeras e 02 sensores de presença + Instalar (acréscimo) 04 câmeras no 2o. SS.;;;;;
;NÃO INICIADO;2025-10-17;GIOVANA;PERSONNALITE 3820 RIO BRANCO;ROSEANE;Espaço Person;Francisco Gilney;Desinstalação Parcial;"17.10 às 18:00 - Desinstalar 05 câmeras e 02 sensores de presença + Desinstalar de forma definitiva 02 sensores de presença no 2o. SS;";;;;;
;NÃO INICIADO;2025-10-15;MONIQUE;AG 0239 SUZANO-SP;SABRINA;Empreenda;Bruno Leandro;Reinstalação Parcial;"No dia 15/10/2025 – às 09H – Reinstalar 1 biometria 
OBS>: Verificar a biometria do andar superior que não está funcionando.
                Verificar se tem câmeras e sensores para reinstalar no ambiente do mesão.  V- 750726 / R - 750725";;;;;
;NÃO INICIADO;2025-10-20;MONIQUE;AG 0786 SP-JARDIM BONFIGLIOLI;GILSON;Espaço Itaú;Flavio Pacheco;Instalação nova;"20/10/25 – SEGUNDA-FEIRA – 09HRS  Fornecer e instalar:
01 kit fechadura eletromecânica -  porta do abastecimento ";;;;;
;NÃO INICIADO;2025-10-20;MONIQUE;AG 0786 SP-JARDIM BONFIGLIOLI;GILSON;Espaço Itaú;Flavio Pacheco;Reinstalação Parcial;"20/10/25 – SEGUNDA-FEIRA – 09HRS
CONJUNTA VISTORIA FINAL
REINSTALAR:
01 SISMICOS AA ";;;;;
;NÃO INICIADO;2025-10-17;MONIQUE;AG 0786 SP-JARDIM BONFIGLIOLI;GILSON;Espaço Itaú;Flavio Pacheco;Desinstalação Parcial;"17/10/25 – SEXTA-FEIRA –  17:00H 
DESATIVAR 
01 SISMICOS AA 
02  SISMICOS  ( 01 TCR + 01 ATM) – RECOLHER
02 SIRENES ALONSO (EXTERNA E ABASTECIMENTO) – RECOLHER
01  KIT AUDIO  COMPLETO – RECOLHER ";;;;;
;NÃO INICIADO;2025-10-17;GIOVANA;AG 7455 TERESOPOLIS-AV FELICIANO SODRE;SABRINA;Demanda Pontual;Francisco Gilney;Instalação nova;Até o dia 17/10/2025 – instalar 1 câmera com foco no escudo+B40.;;;;;
;NÃO INICIADO;2025-10-20;GIOVANA;AG 0571 - RIO RAINHA ELIZABETH;SABRINA;Empreenda;Jefferson Bittar;Reinstalação Parcial;Dia 20.10.25 - 16h - Ativar 01 sensor de presença e 01 câmera;;;;;
;NÃO INICIADO;2025-10-17;GIOVANA;AG 0571 - RIO RAINHA ELIZABETH;SABRINA;Empreenda;Jefferson Bittar;Desinstalação Parcial;Dia 17.10.25 - 16h - Desativar 01 sensor de presença e 01 câmera no final dos gerentes (parede do spcd)    ;;;;;
;NÃO INICIADO;2025-10-22;MONIQUE;AG 0013 ESPIRITO SANTO DO PINHAL-SP;SABRINA;Empreenda;Flavio Pacheco;Instalação nova;"DEMANDA NOVO EMPREENDA: EM 22/10 ATIVAR SEGURANÇA:
03 CÂMERAS, 04 SENSORES E 01 BIOMETRIA NA PORTA DE VIDRO";;;;;
;NÃO INICIADO;2025-10-20;GIOVANA;AG 0094 SAO GONCALO-BAIRRO ALCANTARA;GILSON;Espaço Itaú;Francisco Gilney;Reinstalação Parcial;"20/10/2025 – segunda-feira-09hrs
Conjunta vistoria infra
Reinstalar:  AA
01 sísmicos ATM reciclador (enviar equipamento estoque Itaú – agência encerrada)";;;;;
;NÃO INICIADO;2025-11-03;GIOVANA;AG 1558 UBA-MG;GILSON;Reforma 2020;Matheus Vieira;Reinstalação Parcial;"03/11/2025 – segunda-feira – 09hrs
Conjunta vistoria infra
Reinstalar : TESOURARIA (alarme, cftv gerador, sísmicos, sensores..)";;;;;
;NÃO INICIADO;2025-10-31;GIOVANA;AG 1558 UBA-MG;GILSON;Reforma 2020;Matheus Vieira;Desinstalação Parcial;"31/10/2025 – sexta-feira – 12hrs
Desinstalar : TESOURARIA (alarme, cftv gerador, sísmicos, sensores..)";;;;;
;NÃO INICIADO;2025-10-13;MARCELA;AG 4829 BELO HORIZONTE-BAIRRO BETANIA;SABRINA;Unificadas;Jose Vieira;Desinstalação Total;"Seguir com a demanda abaixo:
No dia 13/10/2025 – 10H
Desinstalar parcial total: 2 sísmicos – AA6H";;;;;
;NÃO INICIADO;2025-10-13;MONIQUE;AG 0010 FRANCO DA ROCHA-SP;SABRINA;Empreenda;Lucas Gonzalez;Instalação nova;"DIA 13/10 APÓS AS 09 H                                                                     INSTALAR NOVOS:
- 7 SENSORES
- 2 CAMERAS
- CONTROLES DE ACESSO:  1 PORTA VIDRO E 1 EM MADEIRA";;;;;
;NÃO INICIADO;2025-10-17;MARCELA;AG 1403 BELO HORIZONTE-AV JOAO PINHEIRO;SABRINA;Empreenda;Eduardo Duarte;Instalação nova;"Em 16 até 18/10/2025 às 17h - Ativação definitiva de equipamentos.  
- 03 Câmeras.
- 07 Sensores.
- 01 Acessos biométricos (01 porta de vidro).";;;;;
;NÃO INICIADO;2025-10-10;MONIQUE;AG 0069 SP-JARDIM DA SAUDE;GILSON;Espaço Itaú;Alexandre Coello;Desinstalação Parcial;"10/10/2025 – sexta-feira – 16hrs
Desinstalar : AA 
02 sísmico ATM";;;;;
;NÃO INICIADO;2025-10-13;MONIQUE;AG 0069 SP-JARDIM DA SAUDE;GILSON;Espaço Itaú;Alexandre Coello;Desinstalação Parcial;"13/10/2025 – segunda-feira – 09hrs
Conjunta vistoria final : 
Reinstalar: AA 
02 sísmico ATM
";;;;;
;NÃO INICIADO;2025-10-17;MARCELA;AG 3766 CHOPINZINHO-PR;SABRINA;Unificadas;Rafael Dimitrius;Instalação nova;"No dia 17/10/2025 às 09h

*             Validar infra

*             Fornecer e instalar as câmeras n° 14 (Dori-PG) e  nº15 (Dori-SIF) - Modelo da câmera a ser instalada:  FD9388-HTV CÂMERA OUTDOOR FIXED DOME, 5MP 20FPS, H.265/H.264 - NO AUDIO

*             Fornecer e instalar as câmeras n° 09 COFRE CBL (Apoio Piso Elevado),  n° 16 (Escudo /B40) OBS: Não está focalizando o Vigilante, nem tão pouco o B40 e  1 no Corredor dos Caixas 

*             Recolher todas as infras de CFTV remanescente

*             Verificar se há alguma infra para câmera no local que não constam no layout e nos avisar para ver a necessidade de instalação de novas câmeras

*             Verificar se as demais câmeras contempladas na normativa estão adequadas ao que é exigido pela Polícia Federal

Importante! 
Não substituir nenhum ponto de câmera existente.";;;;;
;NÃO INICIADO;2025-10-17;MARCELA;AG 1639 BELO HORIZONTE-BARREIRO;SABRINA;Empreenda;Eduardo Duarte;Instalação nova;"Escopo SEGURANÇA:
Em 16 até 18/10/2025 às 17h - Ativação definitiva de equipamentos.  
- 03 Câmeras.
- 07 Sensores.
- 01 Acessos biométricos (01 porta de vidro).";;;;;
;NÃO INICIADO;2025-10-17;MARCELA;6505 BETIM PRACA TIRADENTES ;SABRINA;Dori Doors;Jose Vieira;Instalação nova;"No dia 17/10 às 09h
 
	Realizar vistoria de infra
	Instalar 01 NVR 32 canais
	Fornecer e instalar a(s) câmera(s) n° 20 (Dori-PG) e 21 (Dori-SIF) - Modelo da câmera a ser instalada:  FD9388-HTV CÂMERA OUTDOOR FIXED DOME, 5MP 20FPS, H.265/H.264 - NO AUDIO
	Fornecer e instalar a(s) câmera(s) n° 22 (escudo) e 23 (atendimento caixas)
	Verificar se há alguma infra para câmera no local que não constam no layout e nos avisar para ver a necessidade de instalação de novas câmeras
	Verificar se as demais câmeras contempladas na normativa estão adequadas ao que é exigido pela Polícia Federal";;;;;
;NÃO INICIADO;2025-10-17;MARCELA;AG 3766 CHOPINZINHO-PR;SABRINA;Unificadas;Rafael Dimitrius;Instalação nova;"*             Validar infra

*             Fornecer e instalar as câmeras n° 14 (Dori-PG) e  nº15 (Dori-SIF) - Modelo da câmera a ser instalada:  FD9388-HTV CÂMERA OUTDOOR FIXED DOME, 5MP 20FPS, H.265/H.264 - NO AUDIO

*             Fornecer e instalar as câmeras n° 09 COFRE CBL (Apoio Piso Elevado),  n° 16 (Escudo /B40) OBS: Não está focalizando o Vigilante, nem tão pouco o B40 e  1 no Corredor dos Caixas 

*             Recolher todas as infras de CFTV remanescente

*             Verificar se há alguma infra para câmera no local que não constam no layout e nos avisar para ver a necessidade de instalação de novas câmeras

*             Verificar se as demais câmeras contempladas na normativa estão adequadas ao que é exigido pela Polícia Federal";;;;;
;NÃO INICIADO;2025-10-10;MARCELA;AG 1335 BETIM-MG;SABRINA;Empreenda;Jose Vieira;Reinstalação Parcial;01 - Controle de acesso;;;;;
;NÃO INICIADO;2025-10-10;MONIQUE;AG 0062 SP-VILA SONIA;DANILO;Unificadas;Flavio Pacheco;Instalação nova;"No dia 10/10/2025 às 09h

Validar infra

Fornecer e instalar as câmeras n° 38 (Dori-PG) e 39 (Dori-SIF) - Modelo da câmera a ser instalada:  FD9388-HTV CÂMERA OUTDOOR FIXED DOME, 5MP 20FPS, H.265/H.264 - NO AUDIO

Fornecer e instalar a câmera n° 24 (Corredor de Caixa)

OBS: Verificar a possibilidade de ajustar a Câmera 29 (Tesouraria) focando o CBL de frente";;;;;
;NÃO INICIADO;2025-10-06;GIOVANA;AG 3066 VICOSA-MG;DANILO;Unificadas;Matheus Vieira;Instalação nova;"No dia 06/10/2025 às 09h

Validar infra
Fornecer e instalar as câmeras n° 25 (Dori-PG) e 26 (Dori-SIF) - Modelo da câmera a ser instalada:  FD9388-HTV CÂMERA OUTDOOR FIXED DOME, 5MP 20FPS, H.265/H.264 - NO AUDIO

Fornecer e instalar a câmera  n° 16 (Corredor de Caixa)

Recolher todas as infras de CFTV remanescente

Verificar se há alguma infra para câmera no local que não constam no layout e nos avisar para ver a necessidade de instalação de novas câmeras
Verificar se as demais câmeras contempladas na normativa estão adequadas ao que é exigido pela Polícia Federal";;;;;
;NÃO INICIADO;2025-10-06;GIOVANA;AG 0275 CATAGUASES-MG;DANILO;Unificadas;Pedro Paulo;Instalação nova;"Até 06/10/2025 Realizar vistoria de infra para instalação da Commbox / controle de acesso.
 ";;;;;
;NÃO INICIADO;2025-10-10;MONIQUE;AG 0648 SP-PENHA DE FRANCA;DANILO;Unificadas;Bruno Leandro;Instalação nova;"No dia 10/10/2025 às 09h

	Validar infra
	Fornecer e instalar a(s) câmera(s) n° 40 (Dori-PG) e 41 (Dori-SIF) - Modelo da câmera a ser instalada:  FD9388-HTV CÂMERA OUTDOOR FIXED DOME, 5MP 20FPS, H.265/H.264 - NO AUDIO
	Fornecer e instalar a(s) câmera(s) n° 42 (Escudo) n° 43 (Corredor dos caixas).  
	Remanejar a(s) câmera(s) n° 34 (Espera).
	Recolher todas as infras de CFTV remanescente
	Verificar infra no local (Sala caixa - piso elevado) para a instalação de uma câmera focando no cofre CBL.
	Verificar se há alguma infra para câmera no local que não constam no layout e nos avisar para ver a necessidade de instalação de novas câmeras
	Verificar se as demais câmeras contempladas na normativa estão adequadas ao que é exigido pela Polícia Federal.";;;;;
;NÃO INICIADO;2025-10-13;MONIQUE;AG 2783 SANTO ANDRE-AV SÃO PAULO;DANILO;Unificadas;Eduardo Libano;Instalação nova;"No dia 13/10/2025 às 09h

*             Validar infra
*             Fornecer e instalar as câmeras n° 25 (Dori-PG) e 26 (Dori-SIF) - Modelo da câmera a ser instalada:  FD9388-HTV CÂMERA OUTDOOR FIXED DOME, 5MP 20FPS, H.265/H.264 - NO AUDIO
*             Fornecer e instalar a câmera n° 22 (CBL)
*             Recolher todas as infras de CFTV remanescente
*             Verificar se há alguma infra para câmera no local que não constam no layout e nos avisar para ver a necessidade de instalação de novas câmeras
*             Verificar se as demais câmeras contempladas na normativa estão adequadas ao que é exigido pela Polícia Federal";;;;;
;NÃO INICIADO;2025-10-06;GIOVANA;AG 3066 VICOSA-MG;WILLIAM;Commbox;Matheus Vieira;Vistoria;"Até 06/10/2025 Realizar vistoria de infra para instalação da Commbox / Alarme e controle de acesso.
 ";;;;;
;NÃO INICIADO;2025-10-13;GIOVANA;AG 6105 BARRA MANSA-JOAQUIM LEITE;DANILO;Unificadas;Cristoffer Gama;Instalação nova;"No dia 13/10/2025 às 09h
 
	Validar infra
	Fornecer e instalar a(s) câmera(s) n° 20 (Dori-PG) e 21 (Dori-SIF) - Modelo da câmera a ser instalada:  FD9388-HTV CÂMERA OUTDOOR FIXED DOME, 5MP 20FPS, H.265/H.264 - NO AUDIO
	Fornecer e instalar a(s) câmera(s) n° 22 (corredor atendimento caixa), nº23 (espera caixa)
	Verificar infra para instalar uma câmera na espera caixa parte dos fundos com foco nas cadeiras e no atendimento Uniclass
	Recolher todas as infras de CFTV remanescente
	Verificar se há alguma infra para câmera no local que não constam no layout e nos avisar para ver a necessidade de instalação de novas câmeras
	Verificar se as demais câmeras contempladas na normativa estão adequadas ao que é exigido pela Polícia Federal";;;;;
;NÃO INICIADO;2025-10-17;GIOVANA;AG 0688 BARRA DO PIRAI-RJ;GILSON;Demanda Pontual;Jefferson Bittar;Desinstalação Parcial;SEGURANÇA – 17.10.2025 às 17h - Desativação do sensor sísmico de 01 CEI T ADATTIS no AA30H a ser retirado.;;;;;
;NÃO INICIADO;2025-10-14;GIOVANA;AG 0352 JUIZ DE FORA-MG;DANILO;Unificadas;Matheus Vieira;Instalação nova;"No dia 14/10/2025 às 09h

	Validar infra
	Fornecer e instalar a(s) câmera(s) n° 33 (Dori-PG) n° 34 (Dori - SIF) - Modelo da câmera a ser instalada:  FD9388-HTV CÂMERA OUTDOOR FIXED DOME, 5MP 20FPS, H.265/H.264 - NO AUDIO
	Fornecer e instalar a(s) câmera(s) n° 35 (Tesouraria) 
	Recolher todas as infras de CFTV remanescente   
	Verificar se há alguma infra para câmera no local que não constam no layout e nos avisar para ver a necessidade de instalação de novas câmeras.
	Verificar se as demais câmeras contempladas na normativa estão adequadas ao que é exigido pela Polícia Federal";;;;;
;NÃO INICIADO;2025-10-17;GIOVANA;AG 6085 VOLTA REDONDA-RETIRO;DANILO;Unificadas;Cristoffer Gama;Instalação nova;"No dia 17/10/2025 às 09h

*             Validar infra

*             Fornecer e instalar as câmeras n° 29 (Dori-PG) e nº 30 (Dori-SIF) - Modelo da câmera a ser instalada:  FD9388-HTV CÂMERA OUTDOOR FIXED DOME, 5MP 20FPS, H.265/H.264 - NO AUDIO

*             Fornecer e instalar as câmeras n° 32 (Escudo / B40) 

Ajustar Câmera nº15 (Tesouraria) - há um Cofre no canto que não está sendo visto (CF1 RC 500 kg)

*             Recolher todas as infras de CFTV remanescente

*             Verificar se há alguma infra para câmera no local que não constam no layout e nos avisar para ver a necessidade de instalação de novas câmeras

*             Verificar se as demais câmeras contempladas na normativa estão adequadas ao que é exigido pela Polícia Federal";;;;;
;NÃO INICIADO;2025-10-10;MONIQUE;AG 3146 MOGI DAS CRUZES-SHOPPING CENTER;GILSON;Espaço Itaú;Bruno Leandro;Reinstalação Parcial;"sexta-feira – 10h
Desinstalar e reinstalar, no mesmo dia, 01 câmera e 01 sensor (conforme foto).";;;;;
;NÃO INICIADO;2025-10-10;MONIQUE;AG 3146 MOGI DAS CRUZES-SHOPPING CENTER;GILSON;Espaço Itaú;Bruno Leandro;Desinstalação Parcial;"sexta-feira – 10h
Desinstalar e reinstalar, no mesmo dia, 01 câmera e 01 sensor (conforme foto).";;;;;
;NÃO INICIADO;2025-10-10;MONIQUE;AG 0695 SP-SILVA TELES;SABRINA;Empreenda;Reinaldo Moura;Vistoria;"Seguir com a demanda.
No dia 10/10/2025 – Ativar a biometria.";;;;;
;NÃO INICIADO;2025-10-10;MONIQUE;AG 1145 BARUERI-ALPHAVILLE;GILSON;Demanda Pontual;Lucas Gonzalez;Instalação nova;"Instalar 1 controle de acesso biométrico na porta de acesso à EMP (conforme fotos).
Ponto de elétrica já existente; possivelmente será necessário apenas executar infra para o eletroímã.";;;;;
;NÃO INICIADO;2025-10-10;MONIQUE;AG 0062 SP-VILA SONIA;DANILO;Unificadas;Flavio Pacheco;Instalação nova;"Fornecer e instalar as câmeras nº 38 (Dori-PG) e nº 39 (Dori-SIF), modelo FD9388-HTV, 5MP, 20FPS, H.265/H.264, sem áudio.
Fornecer e instalar a câmera nº 24 (Corredor de Caixa).
Ajustar a câmera nº 29 (Tesouraria) para focar o CBL de frente.
Recolher toda a infraestrutura de CFTV remanescente.
Verificar se há infraestrutura de câmera no local não contemplada no layout e informar a necessidade de novas instalações.
Verificar se as demais câmeras estão adequadas conforme as exigências da Polícia Federal.";;;;;
;NÃO INICIADO;2025-10-09;MARCELA;AG 1335 BETIM-MG;SABRINA;Empreenda;Jose Vieira;Instalação nova;"Seguir com a demanda abaixo e realizar a vistoria conjunta:
Escopo SEGURANÇA:
Em 09/10/2025 às 17h - Ativação definitiva de equipamentos.  
- 03 Câmeras.
- 03 Sensores.
- 02 Acessos biométricos (01 porta de vidro, 01 porta de madeira).";;;;;
;NÃO INICIADO;2025-10-10;MONIQUE;AG 0648 SP-PENHA DE FRANCA;DANILO;Dori Doors;Bruno Leandro;Vistoria;"No dia 10/10/2025 às 09h

	Validar infra
	Fornecer e instalar a(s) câmera(s) n° 40 (Dori-PG) e 41 (Dori-SIF) - Modelo da câmera a ser instalada:  FD9388-HTV CÂMERA OUTDOOR FIXED DOME, 5MP 20FPS, H.265/H.264 - NO AUDIO
	Fornecer e instalar a(s) câmera(s) n° 42 (Escudo) n° 43 (Corredor dos caixas).  
	Remanejar a(s) câmera(s) n° 34 (Espera).
	Recolher todas as infras de CFTV remanescente
	Verificar infra no local (Sala caixa - piso elevado) para a instalação de uma câmera focando no cofre CBL.
	Verificar se há alguma infra para câmera no local que não constam no layout e nos avisar para ver a necessidade de instalação de novas câmeras
	Verificar se as demais câmeras contempladas na normativa estão adequadas ao que é exigido pela Polícia Federal.";;;;;
;NÃO INICIADO;2025-10-06;MARCELA;AG 4522 SOROCABA-PARQUE CAMPOLIM;SABRINA;Unificadas;Darcio Fernandes;Instalação nova;"No dia 06/10/2025 às 09h


* Validar infra

*Instalar 1 NVR 32 CANAIS

* Fornecer e instalar a câmera(s) n° 33 (Dori-PG ) e 34 (Dori-SIF) - Modelo da câmera a ser instalada: FD9388-HTV CÂMERA OUTDOOR FIXED DOME, 5MP 20FPS, H.265/H.264 - NO AUDIO

* Fornecer e instalar a câmera nº 05 (Espera) , nº 22 (CBL) ,  n° 35 (Escudo)  

* Recolher todas as infras de CFTV remanescente

* Verificar se há alguma infra para câmera no local que não constam no layout e nos avisar para ver a necessidade de instalação de novas câmeras

* Verificar se as demais câmeras contempladas na normativa estão adequadas ao que é exigido pela Polícia Federal


Importante!

Não substituir nenhum ponto de câmera existente.";;;;;
;NÃO INICIADO;2025-10-27;GIOVANA;AG 6869 NITEROI-ITAIPU;GILSON;Espaço Itaú;Francisco Gilney;Reinstalação Parcial;"Dia 27.10.25 - 096h – 
Ativar :
07 sísmicos ATMS (UTILIZAR 1  SISMICO RETIRADO DO TCR – NA 2ª GMUD)
01 Câmera abastecimento
02 sensores AA  
Fornecer e instalar:
1 kit fechadura eletromecanica – porta do abstecimento";;;;;
;NÃO INICIADO;2025-10-24;GIOVANA;AG 6869 NITEROI-ITAIPU;GILSON;Espaço Itaú;Francisco Gilney;Desinstalação Parcial;"Dia 24.10.25 - 16h – 
Desativar:
06 sísmicos ATMS
01 Câmera abastecimento
02 sensores AA ";;;;;
;NÃO INICIADO;2025-10-20;GIOVANA;AG 6869 NITEROI-ITAIPU;GILSON;Espaço Itaú;Francisco Gilney;Reinstalação Parcial;"Dia 20.10.25 - 096h – 
Ativar :
01  Câmera (Nº 08) 
 01 sensor de presença do abastecimento;";;;;;
;NÃO INICIADO;2025-10-17;GIOVANA;AG 6869 NITEROI-ITAIPU;GILSON;Espaço Itaú;Francisco Gilney;Desinstalação Parcial;"Dia 17.10.25 - 16h – 
Desativar:
02 sísmicos ATMs, recolher
01 sísmico  TCR;  DEIXAR ESTE SISMICO COM TÉCNICO – POIS SERÁ INSTALADO NO AA (ACRESCIMO DE PONTO)
01 Câmera (Nº 08) 
01 sensor de presença do abastecimento, ";;;;;
;NÃO INICIADO;2025-10-13;GIOVANA;AG 6869 NITEROI-ITAIPU;GILSON;Espaço Itaú;Francisco Gilney;Reinstalação Parcial;"Dia 13.10.2025 – segunda-feira - 09hrs
Conjunta vistoria infra 
Reinstalar:  BACKOFFICE
01 controle de acesso – porta do backoffice";;;;;
;NÃO INICIADO;2025-10-10;GIOVANA;AG 6869 NITEROI-ITAIPU;GILSON;Espaço Itaú;Francisco Gilney;Desinstalação Parcial;"Dia 10.10.25 – sexta-feira - 16h  
Desinstalar: BACKOFFICE
01 controle de acesso – porta do backoffice";;;;;
;NÃO INICIADO;2024-10-08;MONIQUE;AG 0074 SP-VILA FORMOSA;DANILO;Reconhecimento facial;Flavio Pacheco;Desinstalação Parcial;Até dia 08/10 realizar a desinstalação da câmera da agência na posição 06-I-CEI-RECFA-1 (modelo 3601) e instalar no local a nova colhida na Scati.;;;;;
;NÃO INICIADO;2025-10-16;MARCELA;AG 3137 SETE LAGOAS-CENTRO;SABRINA;Unificadas;Eduardo Duarte;Instalação nova;"	Validar infra
	Fornecer e instalar a(s) câmera(s) n° 44 (Dori-PG), nº45 (Dori-SIF) - Modelo da câmera a ser instalada:  FD9388-HTV CÂMERA OUTDOOR FIXED DOME, 5MP 20FPS, H.265/H.264 - NO AUDIO
	Fornecer e instalar a(s) câmera(s) nº28 (com foco para mesa da tesouraria), n° 46 (escudo), nº30 (Cofre CBL)
	Verificar a necessidade instalação de 01 switch
	Recolher todas as infras de CFTV remanescente
	Verificar se há alguma infra para câmera no local que não constam no layout e nos avisar para ver a necessidade de instalação de novas câmeras
	Verificar se as demais câmeras contempladas na normativa estão adequadas ao que é exigido pela Polícia Federal";;;;;
;NÃO INICIADO;2025-10-13;MARCELA;AG 3215 SALTO DO LONTRA-PR;SABRINA;Unificadas;Rafael Dimitrius;Instalação nova;"No dia 13/10/2025 às 09h

*             Validar infra

*             Fornecer e instalar as câmeras n° 14 (Dori-PG) e nº 15 (Dori-SIF) - Modelo da câmera a ser instalada:  FD9388-HTV CÂMERA OUTDOOR FIXED DOME, 5MP 20FPS, H.265/H.264 - NO AUDIO

*             Fornecer e instalar as câmeras n° 16 (Corredor dos Caixas )  e na  Tesouraria ( a atual não alcança  a porta)

Ajustar Câmera nº 13 (Escudo/B40)  - Focar melhor o Vigilante

*             Recolher todas as infras de CFTV remanescente

*             Verificar se há alguma infra para câmera no local que não constam no layout e nos avisar para ver a necessidade de instalação de novas câmeras

*             Verificar se as demais câmeras contempladas na normativa estão adequadas ao que é exigido pela Polícia Federal";;;;;
;NÃO INICIADO;2025-10-20;GIOVANA;AG 5631 RIO-TIJUCA;GILSON;Espaço Itaú;Jefferson Bittar;Reinstalação Parcial;"DIA 20/10 SEGUNDA-FEIRA 09hrs
Conjunta vistoria final
Reinstalar: AA + EXPEDIENTE + BATERIA CAIXAS
04 sísmicos ATMs
04 sensores
02 controles de acesso biométrico (portas de madeira)
02 câmeras
Fornecer e instalar:
01 kit fechadura eletromecânica – porta do abastecimento ";;;;;
;NÃO INICIADO;2025-10-17;GIOVANA;AG 5631 RIO-TIJUCA;GILSON;Espaço Itaú;Jefferson Bittar;Desinstalação Parcial;"DIA 17/10 SEXTA-FEIRA -  16hrs
Desinstalar: 
04 sísmicos ATMs
04 sensores
02 controles de acesso biométrico (portas de madeira)
02 câmeras
02 sirenes Alonso – em definitivo – recolher – excluir zonas 
01 kit áudio completo (AA e bateria caixas)";;;;;
;NÃO INICIADO;2025-10-14;MARCELA;AG 5365 DESTERRO DE ENTRE RIOS-MG;SABRINA;Unificadas;Jose Vieira;Instalação nova;"No dia 14/10/2025 às 09h

	Validar infra
	Fornecer e instalar a(s) câmera(s) n° 22 (Dori-PG) n° 23 (Dori - SIF) - Modelo da câmera a ser instalada:  FD9388-HTV CÂMERA OUTDOOR FIXED DOME, 5MP 20FPS, H.265/H.264 - NO AUDIO
	Fornecer e instalar a(s) câmera(s) n° 24 (Corredor dos caixas)  
	Recolher todas as infras de CFTV remanescente   
	Verificar se há alguma infra para câmera no local que não constam no layout e nos avisar para ver a necessidade de instalação de novas câmeras.
	Verificar se as demais câmeras contempladas na normativa estão adequadas ao que é exigido pela Polícia Federal
";;;;;
;NÃO INICIADO;2025-09-23;MARCELA;AG 0925 BELO HORIZONTE-SAVASSI;SABRINA;Moderzinação;Eduardo Duarte;Instalação nova;"	Realizar vistoria de infra
	Fornecer e instalar a(s) câmera(s) n° 25 (Dori-PG) e 26 (Dori-SIF) - Modelo da câmera a ser instalada:  FD9388-HTV CÂMERA OUTDOOR FIXED DOME, 5MP 20FPS, H.265/H.264 - NO AUDIO
	Fornecer e instalar a(s) câmera(s) n° 27 (escudo), 28 (tesouraria), 23 (espera)
	Verificar se há alguma infra para câmera no local que não constam no layout e nos avisar para ver a necessidade de instalação de novas câmeras
	Verificar se as demais câmeras contempladas na normativa estão adequadas ao que é exigido pela Polícia Federal";;;;;
;NÃO INICIADO;2025-10-19;MARCELA;AG 0689 BELO HORIZONTE-PAMPULHA;SABRINA;Empreenda;Eduardo Duarte;Desinstalação Parcial;19.10.2025 (domingo) às 10:00 h: Reinstalação de 07 SENSORES DE PRESENÇA, 01 SISMICO do TCR e das CÂMERAS 03, 12, 13 e 24 e 01 BIOMETRIA remanejadas;;;;;
;NÃO INICIADO;2025-10-17;MARCELA;AG 0689 BELO HORIZONTE-PAMPULHA;SABRINA;Empreenda;Eduardo Duarte;Desinstalação Parcial;"SEGURANÇA:
- 17.10.2025 (6a.feira) às 17:00 h: Desinstalação de 07 SENSORES DE PRESENÇA, 01 SISMICO do TCR; desinstalação das CÂMERAS 03, 12, 13 e 24 e desinstalação de 01 BIOMETRIA para remanejamento;";;;;;
;NÃO INICIADO;2025-10-16;MARCELA;AG 1688 CURITIBA-XAXIM;SABRINA;Unificadas;Maicon Mendes;Desinstalação Parcial;"Seguir com a demanda abaixo:
No dia 16/10/2025 às 11h00 Desativação do sísmico.";;;;;
;NÃO INICIADO;2025-10-01;MARCELA;AG 0058 ORLANDIA-SP;DANILO;Unificadas;Leandro Prata;Instalação nova;"Favor seguir com a demanda abaixo:
No dia 01/10/2025 às 09h
 
Validar infra
Fornecer e instalar a(s) câmera(s) n° 31 (Dori-PG) e 32 (Dori-SIF) - Modelo da câmera a ser instalada:  FD9388-HTV CÂMERA OUTDOOR FIXED DOME, 5MP 20FPS, H.265/H.264 - NO AUDIO
Remanejar câmera 20 (da área de descanso para o escudo)
Ajustar foco da câmera 15 de forma a pegar o cofre CBL
Recolher todas as infras de CFTV remanescente
Verificar se há alguma infra para câmera no local que não constam no layout e nos avisar para ver a necessidade de instalação de novas câmeras
Verificar se as demais câmeras contempladas na normativa estão adequadas ao que é exigido pela Polícia Federal
 ";;;;;
;NÃO INICIADO;2025-10-13;GIOVANA;AG 0389 RIO-BOTAFOGO;GILSON;Novo Alto atendimento;Francisco Gilney;Reinstalação Parcial;13/10/2024 até às 11h- REINSTALAR 01 Sensor sísmico do AA06 e instalar novos sensores sísmicos para o AA08 NO 30H00 e AA09 NO 06H00 (Acréscimos) – DO ESTOQUE. ;;;;;
;NÃO INICIADO;2025-10-10;GIOVANA;AG 0389 RIO-BOTAFOGO;SABRINA;Novo Alto atendimento;Francisco Gilney;Desinstalação Parcial;10/10/2025 até às 11h - DESINSTALAR 01 SENSORE SÍSMICO – AA06;;;;;
;NÃO INICIADO;2025-10-03;MONIQUE;AG 0622 SP-AV ITABERABA;DANILO;Dori Doors;Manossesi Gonzales;Instalação nova;"No dia 03/10/2025 às 09h
Validar infra
Instalar 01 NVR 16 canais
Fornecer e instalar a(s) câmera(s) n° 34 (Dori-PG) e 35 (Dori-SIF) - Modelo da câmera a ser instalada:  FD9388-HTV CÂMERA OUTDOOR FIXED DOME, 5MP 20FPS, H.265/H.264 - NO AUDIO
Fornecer e instalar a(s) câmera(s) n° 36 (biombo) e 37 (escudo/cofre B40)
Recolher todas as infras de CFTV remanescente
Verificar se há alguma infra para câmera no local que não constam no layout e nos avisar para ver a necessidade de instalação de novas câmeras
Verificar se as demais câmeras contempladas na normativa estão adequadas ao que é exigido pela Polícia Federal
Importante!  Não substituir nenhum ponto de câmera existente.";;;;;
;NÃO INICIADO;2025-10-10;MONIQUE;AG 3099 SP-SHOPPING CENTER IBIRAPUERA;ROSEANE;Encerramento;Flavio Pacheco;Desinstalação Total;"10/10/2025 às 23h00
	Por se tratar de um shopping, favor se atentar aos horários, pois não existe corredor técnico.
	Desativar e recolher todos os equipamentos de segurança p/ encerramento.
	Desinstalar, embalar e recolher todos os equipamentos de segurança, inclusive a bandeja de CFTV.
	Enviar book e lista dos equipamentos recolhidos, conforme acordamos em reunião.
";;;;;
;NÃO INICIADO;2025-10-20;GIOVANA;AG 6031 SAO JOAO DE MERITI-MATRIZ;GILSON;Espaço Itaú;Francisco Gilney;Reinstalação Parcial;Dia 20.10.25 - 09h - Ativar 01 Câmera + 01 sensor + 01 teclado - acesso eclusa área de abastecimento + ativação sistema da porta eclusa  ;;;;;
;NÃO INICIADO;2025-10-17;GIOVANA;AG 6031 SAO JOAO DE MERITI-MATRIZ;GILSON;Espaço Itaú;Francisco Gilney;Desinstalação Parcial;Dia 17.10.25 - 16h - Desativar - 01 Câmera + 01 sensor + 01 teclado - acesso eclusa área de abastecimento                                                                                                                                                                                                                          ;;;;;
;NÃO INICIADO;2025-10-13;MONIQUE;AG 0758 SP-AFONSO BRAS;GILSON;Espaço Itaú;Flavio Pacheco;Reinstalação Parcial;"Dia 13/10/25 às 09H - Reinstalar teclado da porta do AA 6H e remanejamento das câmeras 13, 14, 15, 16, 23 e 2 sensores. 
+ Acréscimo de 1 sensor (ENVIAR ESTOQUE itau)";;;;;
;NÃO INICIADO;2025-10-10;MONIQUE;AG 0758 SP-AFONSO BRAS;GILSON;Espaço Itaú;Flavio Pacheco;Desinstalação Parcial;Dia 10/10/25 às 16H - Desativar biometria e teclado da porta AA 6H.;;;;;
;NÃO INICIADO;2025-10-13;GIOVANA;AG 1558 UBA-MG;GILSON;Reforma 2020;Matheus Vieira;Reinstalação Parcial;"13/10/2025 – segunda-feira – 09hrs
Conjunta vistoria: TODA AGÊNCIA
Remanejar os cabos para fora das calhas antigas
Obs:  Priorizar  funcionamento da tesouraria segura (modulo io ativado ) e abastecimento em seguida";;;;;
;NÃO INICIADO;2025-10-10;GIOVANA;AG 1558 UBA-MG;GILSON;Reforma 2020;Matheus Vieira;Desinstalação Parcial;"10/10/2025 – sexta-feira – 16hrs
Desinstalar : TODA AGÊNCIA 
Remanejar os cabos para fora das calhas antigas";;;;;
;NÃO INICIADO;2025-10-02;MARCELA;AG 0045 SAO JOSE DO RIO PRETO-SP;SABRINA;Empreenda;Leandro Prata;Desinstalação Parcial;"Quinta - feira 02/10 às 9 hs – Programar desativações com remanejamentos conforme abaixo todos os pontos estão no pavimento superior.
11 sensores presença
03 câmeras";;;;;
;NÃO INICIADO;2025-10-14;MARCELA;AG 0030 ATIBAIA-SP;SABRINA;Empreenda;Paulo Falcon;Reinstalação Parcial;"Reinstalar: 2 câmeras n° 20 e n°21 + 2 sensores
Instalar: 2 câmeras n° 37 e n° 38 + 4 sensores + 1 biometria porta de vidro – Novo ";;;;;
;NÃO INICIADO;2025-10-10;MARCELA;AG 0030 ATIBAIA-SP;SABRINA;Empreenda;Paulo Falcon;Desinstalação Parcial;"No dia10/10/2025 – às 16H
Desinstalar: 2 câmeras n° 20 e n° 21 + 2 sensores.";;;;;
;NÃO INICIADO;2025-10-13;MARCELA;AG 0426 SAO JOAQUIM DA BARRA-SP;SABRINA;Novo Alto atendimento;Leandro Prata;Desinstalação Parcial;"No dia 10/10/2025 – às 18H
Desinstalar
2 sensores + 1 câmera n° 07 + 7 sísmico + 1 controle biométrico";;;;;
;NÃO INICIADO;2025-10-10;MARCELA;AG 0426 SAO JOAQUIM DA BARRA-SP;SABRINA;Novo Alto atendimento;Leandro Prata;Reinstalação Parcial;"No dia 13/10/2025 – às 09H
Reinstalar
2 sensores + 1 câmera n° 07 + 7 sísmico + 1 controle biométrico

Instalar
2 sísmico";;;;;
;NÃO INICIADO;2025-10-13;MARCELA;AG 8457 TIJUCAS-SC;SABRINA;Novo Alto atendimento;Ismael Geci;Reinstalação Parcial;"No dia 13/10/2025 – às 09H
Reinstalar
2 sensores + 1 Gerador de neblina + 2 sísmicos.

Obs.; Manter em estoque 1 sensor sísmico.";;;;;
;NÃO INICIADO;2025-10-10;MARCELA;AG 8457 TIJUCAS-SC;SABRINA;Novo Alto atendimento;Ismael Geci;Desinstalação Parcial;"Seguir com a demanda abaixo:
No dia 10/10/2025 – às 18H
Desinstalar
2 sensores + 1 gerador de neblina + 3 sísmicos.";;;;;
;NÃO INICIADO;2025-10-13;MARCELA;AG 0937 BELO HORIZONTE-AV. DOM PEDRO II;SABRINA;Empreenda;Eduardo Duarte;Desinstalação Parcial;"Seguir com a demanda abaixo e realizar a vistoria conjunta 
DIA 13/10 APÓS AS 10 HORAS
-  REMANEJAMENTO DE 05 SENSORES
-  INSTALAÇÃO DE 1 SENSOR - Novo
- REMANEJAMENTO DE 4 CAMERAS + 1 câmera 
- INSTALAÇÃO DE 1 CONTROLE DE ACESSO EM PORTA DE VIDRO. Novo
REDUÇÃO DE 1 CAMERA - proibido reduzir a quantidade de câmeras na agência, por causa do plano de segurança da PF. Por favor, instalar em outro local ou ambiente. ";;;;;
;NÃO INICIADO;2025-10-15;MARCELA;AG 0268 SANTOS-PRAIA GONZAGA;SABRINA;Empreenda;Manoel Xavier;Reinstalação Parcial;"Seguir com a demanda e realizar a vistoria conjunta
No dia 15/10/2025 as 09:00hrs
Reinstalar as câmeras 12,13,14,43,44,45,46,28 e 29 + 6 sensores IVPs 
Instalar novo 1 fechadura com biometria para a porta de vidro de acesso aos mesões ";;;;;
;NÃO INICIADO;2025-10-20;MARCELA;AG 3773 SANTA HELENA-PR;GILSON;Espaço Itaú;Rafael Dimitrius;Reinstalação Parcial;"•	ATIVAR DIA 20/10/25 ÁS 09:00H ==> 
02 SISMICOS AA (REAPROVEITAR O SISMICO DO TCR)  
01 BIOMETRIA PORTA EXPEDIENTE REMANEJADA
01 TECLADO ALARME PORTA AA REMANEJADA 
01 SENSOR ABASTECIMENTO
01 TECLADO PORTA AA ABASTECIMENTO  
FORNECER E INSTALAR:
01 KIT FECHADURA ELETROMECANICA – PORTA DO ABASTECIMENTO";;;;;
;NÃO INICIADO;2025-10-17;MARCELA;AG 3773 SANTA HELENA-PR;GILSON;Espaço Itaú;Rafael Dimitrius;Desinstalação Parcial;"SEGURANÇA – 
17/10/25 ÁS 16:00H – OBS.: Enviar kit fechadura eletromecânica do abastecimento e validar infra na segunda-feira 20/10/25 
•	DESATIVAR DIA 17/10/25 ÁS 18:00H ==> 
01 SISMICO AA 
01 SISMICO TCR
01 BIOMETRIA PORTA EXPEDIENTE 
01 SENSOR ABASTECIMENTO
01 TECLADO PORTA AA ABASTECIMENTO  ";;;;;
;NÃO INICIADO;2025-10-13;MARCELA;AG 0670 CAMPINAS-TAQUARAL;GILSON;Espaço Itaú;Fabio Barbosa;Reinstalação Parcial;"Conjunta vistoria final
Reinstalar: AA + TESOURARIA + BACKOFFICE
02 teclados (01 abastecimento + 01 tesourria)
06 sismicos  (04 ATMs + 02 tesouraria)
02 bases metálicas
06 sensores IVPs (04 AA e abastecimento + 02 tesouraria)
11 câmeras (09 AA e abstecimento + 02 tesouraria)
03 geradores (02 AA + 01 Tesouraria )
01 caixa de gerador
03 grelhas
01 sirene rontan 
01 controle de acesso porta do backoffice
Fornecer e instalar
01 kit fechadura eletromecânica – porta do abastecimento";;;;;
;NÃO INICIADO;2025-10-10;MARCELA;AG 0670 CAMPINAS-TAQUARAL;GILSON;Espaço Itaú;Fabio Barbosa;Desinstalação Parcial;"10/10/2025 – sexta-feira – 16hrs
Desinstalar: AA + TESOURARIA + BACKOFFICE
01 áudio completo (bateria caixas + AA) - recolher
02 sirenes Alonso (abastecimento e externa) – recolher e excluir zona
01 sísmico ATM – recolher e excluir zona
02 teclados (01 abastecimento + 01 tesourria)
06 sismicos  (04 ATMs + 02 tesouraria)
02 bases metálicas
06 sensores IVPs (04 AA e abastecimento + 02 tesouraria)
11 câmeras (09 AA e abstecimento + 02 tesouraria)
03 geradores (02 AA + 01 Tesouraria )
01 caixa de gerador
03 grelhas
01 sirene rontan 
01 controle de acesso porta do backoffice";;;;;
;NÃO INICIADO;2025-10-20;MARCELA;AG 2909 PALOTINA-PR;GILSON;Espaço Itaú;Rafael Dimitrius;Reinstalação Parcial;"
DIA 20/10/25 às 09:00H 
REATIVAR
03 SISMICOS AA 
04 CAMERAS (23 / 14 / 13 / 12)
Fornecer e instalar:
01 kit fechadura eletromecânica , porta do abastecimento";;;;;
;NÃO INICIADO;2025-10-17;MARCELA;AG 2909 PALOTINA-PR;GILSON;Espaço Itaú;Rafael Dimitrius;Desinstalação Parcial;"INÍCIO 17/10/25 às 16:00H 
DESATIVAR :
02 AUDIO  (RECOLHER)
02 SIRENES ALONSO  (RECOLHER)
01 SISMICO TCR (RECOLHER)
03 SISMICOS AA 
04 CAMERAS (23 / 14 / 13 / 12)";;;;;
;NÃO INICIADO;2025-10-10;GIOVANA;AG 5631 RIO-TIJUCA;GILSON;Espaço Itaú;Jefferson Bittar;Desinstalação Parcial;"Dia 10.10.25 – sexta-feira - 16h  
Desinstalar: BATERIA DE CAIXAS + 1º PAVIMENTO + AA
01 sensor
01 câmera 
02 controles de acesso biométricos 
02 sirenes Alonso (Abastecimento e externa) – recolher
01 kit áudio completo (AA + bateria de caixas)
02 sísmicos TCRs – recolher ";;;;;
;NÃO INICIADO;2025-10-13;GIOVANA;AG 6895 SAO GONCALO-COLUBANDE;GILSON;Espaço Simplificado;Francisco Gilney;Reinstalação Parcial;"13/10/2025 – segunda-feira – 09hrs
Conjunta vistoria final : 
Reinstalar: : AA 
02 sísmicos ATMs (OPTIVA) 
Fornecer e  instalar:
01 kit fechadura eletromecânica – porta do abastecimento";;;;;
;NÃO INICIADO;2025-10-10;GIOVANA;AG 6895 SAO GONCALO-COLUBANDE;GILSON;Espaço Simplificado;Francisco Gilney;Desinstalação Parcial;"Segue programação:
10/10/2025 – sexta-feira – 16hrs
Desinstalar : AA 
02 sísmicos ATMs ";;;;;
;NÃO INICIADO;2025-10-08;GIOVANA;AG 1558 UBA-MG;GILSON;Reforma 2020;Matheus Vieira;Reinstalação Parcial;"Vamos reinstalar tudo no mesmo dia  - INFRA PROVISÓRIA:
08/10/2025 – quarta-feira 17hrs
Conjunta vistoria infra (PROVISÓRIA)
Desinstalar e reinstalar (mesmo dia ): AA
10 sísmicos ATMs";;;;;
;NÃO INICIADO;2025-10-06;GIOVANA;PERSONNALITE 3820 RIO BRANCO;GILSON;Espaço Person;Francisco Gilney;Reinstalação Parcial;"06/10/2025 – segunda-feira -09hrs
Conjunta vistoria infra 
Reinstalar todos os sistemas nos cabos novos
Acrescentar  (pontos novos):
11 sensores (térreo e gerência)
03 câmera (térreo e gerência)";;;;;
;NÃO INICIADO;2025-10-03;GIOVANA;PERSONNALITE 3820 RIO BRANCO;GILSON;Espaço Person;Francisco Gilney;Desinstalação Total;"03/10/2025 – sexta-feira – 17hrs
Desinstalação total : Cabos antigos de segurança ";;;;;
;NÃO INICIADO;2025-10-13;GIOVANA;AG 8803 RIO TOPAZIO;GILSON;Espaço Simplificado;Francisco Gilney;Reinstalação Parcial;"13/10/2025 – segunda-feira – 09hrs
Conjunta vistoria final
Reinstalar: AA
08 Sísmico (CEI)
Fornecer  instalar:
01 kit fechadura eletromecânica porta do abastecimento ";;;;;
;NÃO INICIADO;2025-10-10;GIOVANA;AG 8803 RIO TOPAZIO;GILSON;Espaço Simplificado;Francisco Gilney;Desinstalação Parcial;" 
10/10/2025 – sexta-feira -  16hrs
Desinstalar:
08 Sísmico (CEI)
 ";;;;;
;NÃO INICIADO;2025-10-20;GIOVANA;AG 0269 RIO-POSTO 6;GILSON;Espaço Simplificado;Jefferson Bittar;Reinstalação Parcial;"20/10/2025 – segunda-feira – 09hrs
Conjunta vistoria final
Reinstalar: AA
08 Sísmico (CEI)
Fornecer  instalar:
01 kit fechadura eletromecânica porta do abastecimento ";;;;;
;NÃO INICIADO;2025-10-17;GIOVANA;AG 0269 RIO-POSTO 6;GILSON;Espaço Simplificado;Jefferson Bittar;Desinstalação Parcial;"17/10/2025 – sexta-feira -  16hrs
Desinstalar:
08 Sísmico (CEI)";;;;;
;NÃO INICIADO;2025-10-10;MONIQUE;AG 0285 SP-MARACATINS;SABRINA;Empreenda;Flavio Pacheco;Instalação nova;"DATA ATIVAÇÃO | 10/10/2025. LAYOUT PROPOSTO EM ANEXO 
 
Ativar câmeras 10;11;12:13;14
Ativar sensores nas áreas;
03 mesão
01 sala de espera 
01 sala de reunião  
01 sensor fechadura biométrica (porta de vidro)";;;;;
;NÃO INICIADO;2025-10-06;GIOVANA;AG 6895 SAO GONCALO-COLUBANDE;GILSON;Espaço Itaú;Francisco Gilney;Reinstalação Parcial;"06/10/2025 – segunda-feira – 09hrs
Conjunta vistoria  infra : 
Reinstalar: : AA 
07 sísmicos ATMs (02 CEI + 05 recicladores) – enviar 01 sísmicos de agência encerrada – estoque Itau ";;;;;
;NÃO INICIADO;2025-10-03;GIOVANA;AG 6895 SAO GONCALO-COLUBANDE;GILSON;Espaço Itaú;Francisco Gilney;Desinstalação Parcial;"Segue programação:
03/10/2025 – sexta-feira – 16hrs
Desinstalar : AA 
06 sísmicos ATMs (02 CEI + 04 recicladores)";;;;;
;NÃO INICIADO;2025-10-13;MONIQUE;AG 0010 FRANCO DA ROCHA-SP;SABRINA;Empreenda;Lucas Gonzalez;Reinstalação Parcial;"DIA 13/10 APÓS AS 09 H
REINSTALAR
- 3 SENSORES
- 1 CAMERA
INSTALAR NOVOS:
- 7 SENSORES
- 2 CAMERAS
- CONTROLES DE ACESSO:  1 PORTA VIDRO E 1 EM MADEIRA";;;;;
;NÃO INICIADO;2025-10-10;MONIQUE;AG 0010 FRANCO DA ROCHA-SP;SABRINA;Empreenda;Lucas Gonzalez;Desinstalação Parcial;"SEXTA DIA 10/10 APÓS AS 17 HORAS.
DESINSTALAR
-  3 SENSORES
- 1 CAMERA";;;;;
;NÃO INICIADO;2025-10-03;GIOVANA;AG 3107 VISCONDE DO RIO BRANCO-MG;ROSEANE;Encerramento;Matheus Vieira;Desinstalação Total;"03/10 às 10:00h - Desinstalar, embalar e recolher todos os equipamentos de segurança, inclusive a bandeja de CFTV e PGDM.
Enviar book e lista dos equipamentos recolhidos, conforme acordamos em reunião.";;;;;
;NÃO INICIADO;2025-10-06;MONIQUE;AG 0239 SUZANO-SP;SABRINA;Empreenda;Bruno Leandro;Instalação nova;"06/10/2025 – 09H
Remanejar: 1 sensores + 1 câmeras 
Desinstalar total: 1 sensor
Instalar novo: 1 sensor + 1 câmera";;;;;
;NÃO INICIADO;2025-10-20;MONIQUE;AG 7155 GUARULHOS-RUA CACHOEIRA;GILSON;Espaço Itaú;Bruno Leandro;Reinstalação Parcial;"EM 20/10/25 AS 09:00HS: 
Ativação:  01 sensor sísmicos ATMs + 03 câmeras do AA + 01 teclado atendimento+01 câmera e 01 Ivp do abastecimento
 
FORNECER E INSTALAR
01 KIT FECHADURA ELETROMECANICA PORTA DO ABASTECIMENTO 
 ";;;;;
;NÃO INICIADO;2025-10-17;MONIQUE;AG 7155 GUARULHOS-RUA CACHOEIRA;GILSON;Espaço Itaú;Bruno Leandro;Desinstalação Parcial;"EM 17/10/25 AS 16:00HS: 
Desativação:  
01 sensor sísmico equipamentos ATMs + 1 TCR do Apoio bateria caixas +3 câmeras do AA + 02 câmeras e 01  IVP do abastecimento + 01 cofre CBL (expediente)";;;;;
;NÃO INICIADO;2025-10-13;MONIQUE;AG 7155 GUARULHOS-RUA CACHOEIRA;GILSON;Espaço Itaú;Bruno Leandro;Reinstalação Parcial;EM 12/10/25 AS 09:00HS: ativação: 08 câmeras do auto atendimento + 02 sensor + 01 controle de acesso;;;;;
;NÃO INICIADO;2025-10-10;MONIQUE;AG 7155 GUARULHOS-RUA CACHOEIRA;GILSON;Espaço Itaú;Bruno Leandro;Desinstalação Parcial;EM 10/10/25 AS 16:00HS: desativação: 08 câmeras do auto atendimento + 02 sensor + 01 controle de acesso ;;;;;
;NÃO INICIADO;2025-10-13;GIOVANA;AG 7856 GUAPIMIRIM-RJ;GILSON;Espaço Itaú;Francisco Gilney;Reinstalação Parcial;"REATIVAÇÃO E INSTALAÇÃO - DIA 13/10 APOS AS 09 HORAS.
3 SISMICOS CEI
3 SISMICOS RECICLADORA
1 FECHADURA  ELETROMAGNETICA COM TERCEIRIZAÇÃO DO ABASTECIMENTO
01 GERADOR (MODERNIZAÇÃO)
01 CENTRAL COMMBOX (MODERNIZAÇÃO)";;;;;
;NÃO INICIADO;2025-10-10;GIOVANA;AG 7856 GUAPIMIRIM-RJ;GILSON;Espaço Itaú;Francisco Gilney;Desinstalação Parcial;"DIA 10/10 - 18 H - ABASTECIMENTO
DECRESCIMO
1 SISMICOS CEI 
 1 CEI COFRE CBL
REMANEJAMENTO
3 SISMICOS CEI
3 SISMICOS RECICLADORA";;;;;
;NÃO INICIADO;2025-10-06;GIOVANA;PAB 2727 BELFORD ROXO BAYER;SABRINA;BLITZ;Francisco Gilney;Reinstalação Parcial;No dia 06/10/2025 - 10H - Reinstalar 1 sísmico;;;;;
;NÃO INICIADO;2025-10-03;GIOVANA;PAB 2727 BELFORD ROXO BAYER;SABRINA;BLITZ;Francisco Gilney;Desinstalação Parcial;No dia 03/10/2025 - 16H - Desinstalar 1 sísmico;;;;;
;NÃO INICIADO;2025-09-29;MARCELA;AG 4459 RIBEIRAO PRETO-AV CASTELO BRANCO;GILSON;Espaço Itaú;Leandro Prata;Reinstalação Parcial;"Conjunta vistoria  final : 
Reinstalar: AA 
01 sísmico CEI OPTEVA   - ponto novo – utilizar equipamento estoque ITAU (agência encerrada)
 ";;;;;
;NÃO INICIADO;2025-10-02;MARCELA;AG 8405 LIMEIRA MAJOR LEVY SP;SABRINA;Empreenda;Jose Fonrozo;Desinstalação Parcial;Desinstalar 2 sensores de presença + 1 controle de acesso – porta de vidro.;;;;;
;NÃO INICIADO;2025-09-29;MARCELA;AG 1639 BELO HORIZONTE-BARREIRO;SABRINA;Empreenda;Eduardo Duarte;Reinstalação Parcial;"Segunda feira - 29/09/25 às 9 hs, Vistoria conjunta final:
REINSTALAR:
05 câmeras
08 sensores
01 biometria
02 sísmico de TCR 
01 teclado. ";;;;;
;NÃO INICIADO;2025-09-26;MARCELA;AG 1639 BELO HORIZONTE-BARREIRO;SABRINA;Empreenda;Eduardo Duarte;Desinstalação Parcial;"Sexta feira - 26/09/25 às 17 hs 
 DESINSTALAR:
05 câmeras
08 sensores
01 biometria
02 sísmico de TCR 
01 teclado. 
 ";;;;;
;NÃO INICIADO;2025-10-10;MONIQUE;AG 6065 SP-TERMINAL SÃO MATEUS;GILSON;Espaço Itaú;Eduardo Libano;Desinstalação Total;"10/10/2025 – sexta-feira – 15hrs
Conjunta vistoria de partida
Desinstalação total agência – recolher tudo, inclusive bandeja de cftv";;;;;
;NÃO INICIADO;2025-09-29;MARCELA;AG 2974 PRAIA GRANDE-CIDADE OCIAN;GILSON;Uniclass;Manoel Xavier;Reinstalação Parcial;"DIA 29/09/25 – segunda-feira - 09hs 
Ativação: 
 01 sensor sísmico  cofre CBLRG NOVO na Tesouraria";;;;;
;NÃO INICIADO;2025-09-26;MARCELA;AG 2974 PRAIA GRANDE-CIDADE OCIAN;GILSON;Uniclass;Manoel Xavier;Desinstalação Parcial;"DIA 26/09/25  - sexta-feira - 16hs
Desativação:
01 sensor sísmico do cofre CBLT na tesouraria p/ recolhimento";;;;;
;NÃO INICIADO;2025-09-30;MONIQUE;AG 0648 SP-PENHA DE FRANCA;SABRINA;Empreenda;Bruno Leandro;Reinstalação Parcial;"No dia 30/09/2025 – às 09H
REINSTALAR: 03 SENSORES – REMANEJADOS 
REMANEJAR: 04 CAMERAS N°21;N°25; N°28; N°37
REINSTALAR 01 SENSOR BIOMETRICO ( PORTA DE VIDRO)";;;;;
;NÃO INICIADO;2025-09-29;MONIQUE;AG 0554 GUARULHOS-VILA GALVAO;SABRINA;Empreenda;Bruno Leandro;Instalação nova;"ESCOPO SEGURANÇA: Segunda feira 29/09 às 10hrs – NOVA ATIVAÇÃO
- 1 Fechadura biométrica (porta de madeira - 1 controle de acesso NOVO. ) ";;;;;
;NÃO INICIADO;2025-09-29;MONIQUE;AG 0393 SP-FARIA LIMA;ROSEANE;Receptora;Alexandre Coello;Reinstalação Parcial;29/09 – Reinstalação de 5 sensores de presença para essa demanda.;;;;;
;NÃO INICIADO;2025-09-26;MONIQUE;AG 0393 SP-FARIA LIMA;ROSEANE;Receptora;Alexandre Coello;Desinstalação Parcial;26/09 – Desinstalação de 5 sensores de presença para essa demanda.;;;;;
;NÃO INICIADO;2025-09-29;MONIQUE;AG 0738 SP-JOAO DIAS;SABRINA;Empreenda;Flavio Pacheco;Reinstalação Parcial;No dia 29/09/2025 - às 09H. REINSTALAR - 6 câmeras provisória + 1 biometria;;;;;
;NÃO INICIADO;2025-09-26;GIOVANA;AG 0738 SP-JOAO DIAS;SABRINA;Empreenda;Flavio Pacheco;Desinstalação Parcial;No dia 26/09/2025 - às 17H. DESINSTALAR - 6 sensores +6 câmeras +1 Biometria.;;;;;
;NÃO INICIADO;2025-09-29;GIOVANA;AG 5665 RIO-CONDE DE BONFIM;SABRINA;Empreenda;Jefferson Bittar;Reinstalação Parcial;"No dia 29/09/2025 - 09H - Reinstalar
6 sensores de presença + 1 controle de acesso por de vidro + 11 câmeras + 1 teclado de alarme + 1 kit wifi";;;;;
;NÃO INICIADO;2025-09-26;GIOVANA;AG 5665 RIO-CONDE DE BONFIM;SABRINA;Empreenda;Jefferson Bittar;Desinstalação Parcial;"No dia 26/09/2025 - 16H - Desinstalar
6 sensores de presença + 1 controle de acesso por de vidro + 11 câmeras + 1 teclado de alarme + 1 kit wifi ";;;;;
;NÃO INICIADO;2025-09-29;GIOVANA;AG 0352 JUIZ DE FORA-MG;SABRINA;Empreenda;Matheus Vieira;Reinstalação Parcial;"Em 29/09/2025 às 10h-
Reinstalação de equipamentos.  
- 04 Câmeras.
- 07 Sensores.";;;;;
;NÃO INICIADO;2025-09-26;GIOVANA;AG 0352 JUIZ DE FORA-MG;SABRINA;Empreenda;Matheus Vieira;Desinstalação Parcial;"Em 26/09/2025 às 17h – 
Desinstalação de equipamentos.  
- 04 Câmeras.
- 07 Sensores.
- 01 Acesso Biométrico.";;;;;
;NÃO INICIADO;2025-09-30;FERNANDA;AG 0648 SP-PENHA DE FRANCA;SABRINA;Empreenda;Bruno Leandro;Instalação nova;"ATIVAR 03 SENSORES REMANEJADOS EXISTENTES NA NOVA POSIÇÃO 
ATIVAR E REMANEJAR CAMERAS 21;25; 28; 37  EXISTENTES NA NOVA POSIÇÃO
ATIVAR 01 SENSOR BIOMETRICO ( PORTA DE VIDRO)";;;;;
;NÃO INICIADO;2025-09-26;GIOVANA;AG 4551 CAMBUCI-RJ;DANILO;Unificadas;Pedro Paulo;Instalação nova;"Realizar vistoria de infra
Fornecer e instalar a(s) câmera(s) n° 15 (Dori-PG) e 16 (Dori-SIF) - Modelo da câmera a ser instalada:  FD9388-HTV CÂMERA OUTDOOR FIXED DOME, 5MP 20FPS, H.265/H.264 - NO AUDIO
Fornecer e instalar a(s) câmeras n° 17 (escudo/cofre b40), 18 (tesouraria), 19 (cofre CBL)
Remanejar câmera 10 (tesouraria)
Recolher todas as infras de CFTV remanescente
Verificar se há alguma infra para câmera no local que não constam no layout e nos avisar para ver a necessidade de instalação de novas câmeras
Verificar se as demais câmeras contempladas na normativa estão adequadas ao que é exigido pela Polícia Federal";;;;;
;NÃO INICIADO;2025-10-05;FERNANDA;AG 0736 SP-CIDADE DUTRA;SABRINA;Empreenda;Thiago Alarcon;Reinstalação Parcial;"Às 17hr - Reinstalar: 8 sensores
3 Câmeras
1 controle acesso ";;;;;
;NÃO INICIADO;2025-10-03;FERNANDA;AG 0736 SP-CIDADE DUTRA;SABRINA;Empreenda;Thiago Alarcon;Desinstalação Parcial;"Às 17hr - Desinstalar: 8 sensores
3 Câmeras
1 controle acesso ";;;;;
;NÃO INICIADO;2025-09-19;FERNANDA;AG 0846 SP-AV CUPECE;GILSON;Espaço Itaú;Thiago Alarcon;Desinstalação Parcial;"Às 16hrs – 
Desinstalar : AA + BATERIA CAIXAS 
01 sísmico TCR - em definitivo – recolher) – excluir a zona
02 sirenes Alonso (abastecimento + externa - em definitivo – recolher) – excluir a zona
01 KIT AUDIO completo (AA + bateria de caixas) 
04 Câmeras (17; 22; 23; wifi)
03 Sensores de presença";;;;;
;NÃO INICIADO;2025-09-22;FERNANDA;AG 0846 SP-AV CUPECE;GILSON;Espaço Itaú;Thiago Alarcon;Reinstalação Parcial;"Às 09hrs – Conjunta vistoria  infra : 
Reinstalar: : AA 
04 Câmeras (17; 22; 23; wifi)
03 Sensores de presença";;;;;
;NÃO INICIADO;2025-09-29;FERNANDA;AG 7482 SP-PARADA DE TAIPAS;SABRINA;Empreenda;Lucas Gonzalez;Reinstalação Parcial;"Às 9hr - Reinstalar
01 Escudo (Publico) - REMANEJADO
01 Biometria (Acesso Expediente) - REMANEJADO
05 Câmeras (Gerencia / Acesso Expediente) - PROVISÓRIAS";;;;;
;NÃO INICIADO;2025-09-26;FERNANDA;AG 7482 SP-PARADA DE TAIPAS;SABRINA;Empreenda;Lucas Gonzalez;Desinstalação Parcial;"Às 18hr - Desinstalar:
01 Escudo (Publico) - REMANEJADO
01 Biometria (Acesso Expediente) - REMANEJADO
05 Câmeras (Gerencia / Acesso Expediente).
05 Sensores de presença (Gerencia / Acesso Expediente).";;;;;
;NÃO INICIADO;2025-09-29;FERNANDA;AG 6493 TABOAO DA SERRA-PAULO AYRES;SABRINA;Empreenda;Lucas Gonzalez;Reinstalação Parcial;"REMANEJAR E  ATIVAR 
02 cameras: 16;17 espaço empreenda 
01 camera : 04 expediente 
Remanejar e ativar 
06 sensores existentes na nova posição 
INSTALAR 
01 controle de acesso (porta de vidro)";;;;;
;NÃO INICIADO;2025-09-19;FERNANDA;AG 3218 COTIA-GRANJA VIANA;IMPLANTAÇÃO;Uniclass;Lucas Gonzalez;Desinstalação Parcial;Às 10hr - Desativar: 03 Sísmicos do CEI's da posição AA06, AA07 e AA10 existente para remoção.;;;;;
;NÃO INICIADO;2025-09-25;FERNANDA;AG 0895 SP-VILA DOS REMEDIOS;DANILO;Demanda Pontual;Lucas Gonzalez;Instalação nova;Às 10hr - Instalar e ativar a nova câmera nº 33 na gerência e uniclass/emp. Instalar e ativar 1 novo NVR na sala online.;;;;;
;NÃO INICIADO;2025-09-25;FERNANDA;AG 0570 ITAPECERICA DA SERRA-SP;DANILO;Dori Doors;Lucas Gonzalez;Instalação nova;"Às 9hr - Realizar vistoria de infra
Fornecer e instalar a(s) câmera(s) n° 38 (Dori-PG) e 39 (Dori-SIF) - Modelo da câmera a ser instalada:  FD9388-HTV CÂMERA OUTDOOR FIXED DOME, 5MP 20FPS, H.265/H.264 - NO AUDIO
Fornecer e instalar a(s) câmera(s) n° 40 (escudo térreo/cofre b40), 41 (escudo superior)
Verificar se há alguma infra para câmera no local que não constam no layout e nos avisar para ver a necessidade de instalação de novas câmeras
Verificar se as demais câmeras contempladas na normativa estão adequadas ao que é exigido pela Polícia Federal.
Importante: Não substituir nenhum ponto de câmera existente.";;;;;
;NÃO INICIADO;2025-09-22;FERNANDA;AG 1659 SP-CAMPO BELO;SABRINA;Empreenda;Flavio Pacheco;Instalação nova;Instalar: 1 câmera (substituição);;;;;
;NÃO INICIADO;2025-09-18;FERNANDA;AG 6664 SANTO ANDRE-BAIRRO SANTA TEREZINHA;GILSON;Espaço Simplificado;Eduardo Libano;Reinstalação Parcial;"Às 9hr - Conjunta vistoria final:   
Reinstalar: AA 6HRS
01 sísmico ATM";;;;;
;NÃO INICIADO;2025-09-22;FERNANDA;AG 0776 SP-BAIRRO SAO MATEUS;SABRINA;Empreenda;Eduardo Libano;Instalação nova;"Às 13hr:
Instalar
2 câmeras = n° 49 e 50
2 sensores
1 controle biométrico porta de vidro.";;;;;
;NÃO INICIADO;2025-09-22;FERNANDA;AG 0755 SP-PIRITUBA;SABRINA;Empreenda;Bruno Leandro;Reinstalação Parcial;"AS 12HR - Reinstalar
01 sísmico + 05 câmeras
Obs: Deixar em estoque 2 sensores
Instalar
01 controle biométrico";;;;;
;NÃO INICIADO;2025-09-19;FERNANDA;AG 0755 SP-PIRITUBA;SABRINA;Empreenda;Bruno Leandro;Desinstalação Parcial;"AS 17HR - Desinstalar
01 sísmico + 05 câmeras + 02 sensores.";;;;;
;NÃO INICIADO;2025-09-19;FERNANDA;PERSONNALITE 4054 SÃO CAETANO DO SUL;DANILO;Receptora;Flavio Pacheco;Desinstalação Parcial;Às 17hr - Desinstalar 01 sensor de presença, para remanejamento (área mesão);;;;;
;NÃO INICIADO;2025-09-28;GIOVANA;AG 5665 RIO-CONDE DE BONFIM;SABRINA;Empreenda;Jefferson Bittar;Reinstalação Parcial;"28.09.2025 - Ativar: Empreenda (02 sensores de presença, + 01 Biometria (Porta de vidro)); Área Disponível sobreloja (02 câmeras + 02 sensores ) - Térreo : Saguão - 09 câmera (perto PGDM) + 02 sensores (perto PGDM) - remanejar teclado de acesso + 01 escudo - vide fotos no corpo do e-mail (posições provisórias)    ";;;;;
;NÃO INICIADO;2025-09-26;GIOVANA;AG 5665 RIO-CONDE DE BONFIM;SABRINA;Empreenda;Jefferson Bittar;Desinstalação Parcial;"Dia 26/09/25 - às 15h -Desativar -  Empreenda (02 sensores de presença, +  01 Biometria (Porta de vidro)); Área Disponível sobreloja (02 câmeras + 02 sensores ) - Térreo : Saguão - 09 câmera (perto PGDM) + 02 sensores (perto PGDM) - remanejar teclado de acesso + 01 escudo - vide fotos no corpo do e-mail.                                                                                                                                                                                                                                                                        ";;;;;
;NÃO INICIADO;2025-09-29;MARCELA;AG 2974 PRAIA GRANDE-CIDADE OCIAN;GILSON;Remanejamento;Manoel Xavier;Reinstalação Parcial;"DIA 29/09/25 – segunda-feira - 09hs 
Ativação: 
 01 sensor sísmico  cofre CBLRG NOVO na Tesouraria";;;;;
;NÃO INICIADO;2025-09-26;MARCELA;AG 2974 PRAIA GRANDE-CIDADE OCIAN;GILSON;Remanejamento;Manoel Xavier;Desinstalação Parcial;"DIA 26/09/25  - sexta-feira - 16hs
Desativação:
01 sensor sísmico do cofre CBLT na tesouraria p/ recolhimento";;;;;
;NÃO INICIADO;2025-09-26;MARCELA;AG 8158 SANTOS LITORAL PAULISTA SP;ROSEANE;Encerramento;Manoel Xavier;Desinstalação Total;"10:00h - Desinstalar, embalar e recolher todos os equipamentos de segurança, inclusive a bandeja de CFTV e PGDM.
Enviar book e lista dos equipamentos recolhidos, conforme acordamos em reunião.";;;;;
;NÃO INICIADO;2025-09-22;MARCELA;AG 4459 RIBEIRAO PRETO-AV CASTELO BRANCO;GILSON;Espaço Simplificado;Leandro Prata;Reinstalação Parcial;"
22/09/2025 – segunda-feira – 09hrs
Conjunta vistoria  final : 
Reinstalar: AA 
06 sísmicos ATMs
01 gerador + grelha
Fornecer e instalar: AA
01 kit fechadura eletromecânica (01 porta do abastecimento)";;;;;
;NÃO INICIADO;2025-09-19;MARCELA;AG 4459 RIBEIRAO PRETO-AV CASTELO BRANCO;GILSON;Espaço Simplificado;Leandro Prata;Desinstalação Parcial;"19/09/2025 – sexta-feira – 16hrs
Desinstalar : AA + 30HRS 
01 sísmico ATM)  - em definitivo – recolher) – excluir a zona
06 sísmicos ATMs
01 gerador + grelha";;;;;
;NÃO INICIADO;2025-09-22;GIOVANA;AG 3163 JUIZ DE FORA-METROPOLITANA;ANDRESSA;AVCB;Matheus Vieira;Reinstalação Parcial;"22/09/25 às 10h Reativação
1 SENSOR DE PRESENÇA
1 SÍSMICO
1 NVR SCATI 32 CANAIS
1 MONITOR
1 CENTRAL DE ALARME";;;;;
;NÃO INICIADO;2025-09-19;GIOVANA;AG 3163 JUIZ DE FORA-METROPOLITANA;ANDRESSA;AVCB;Matheus Vieira;Desinstalação Parcial;"19/09/25 às 16h Desativação
1 SENSOR DE PRESENÇA
1 SÍSMICO 
1 NVR SCATI 32 CANAIS
1 MONITOR
1 CENTRAL DE ALARME";;;;;
;NÃO INICIADO;2025-09-30;MARCELA;AG 0136 VINHEDO-SP;DANILO;Unificadas;Fabio Barbosa;Instalação nova;"Favor seguir com a demanda abaixo:

No dia 30/09/2025 às 09h

             Realizar vistoria de infra
             Fornecer e instalar a(s) câmera(s) n° 38 (Dori-PG) e 39 (Dori-SIF) - Modelo da câmera a ser instalada:  FD9388-HTV CÂMERA OUTDOOR FIXED DOME, 5MP 20FPS, H.265/H.264 - NO AUDIO
             Fornecer e instalar a(s) câmera(s) n° 31 (escudo/cofre b40)
             Verificar se há alguma infra para câmera no local que não constam no layout e nos avisar para ver a necessidade de instalação de novas câmeras
             Verificar se as demais câmeras contempladas na normativa estão adequadas ao que é exigido pela Polícia Federal";;;;;
;NÃO INICIADO;2025-09-22;MARCELA;AG 0670 CAMPINAS-TAQUARAL;GILSON;Espaço Itaú;Fabio Barbosa;Reinstalação Parcial;"22/09/2025 as 10:00 h.
ativações  
01 fechadura com biometria(porta de acesso ao expediente remanejada
01 sensor sísmico da recicladora RM4 remanejada 
01 câmera  + 01 sensor IVP remanejados dentro da área de abastecimento
 ";;;;;
;NÃO INICIADO;2025-09-19;MARCELA;AG 0670 CAMPINAS-TAQUARAL;GILSON;Espaço Itaú;Fabio Barbosa;Desinstalação Parcial;" 19/09/2025 as 17:00 h.
desativações 
01 fechadura com biometria(porta de acesso ao expediente) ; 
01 sensor sísmico da recicladora RM4; 
02 sensores sísmicos dos TCRs (RECOLHER)
01 câmera + 01 sensor IVP na área de abastecimento";;;;;
;NÃO INICIADO;2025-09-22;MARCELA;AG 7974 BIGUACU-SC;GILSON;Espaço Simplificado;Ismael Geci;Reinstalação Parcial;"22/09/25 ÀS 09:00H
Conjunta vistoria final
Reinstalar: AA
03 SISMICOS CEI 
01 CXP SISMICO 
04 CAMERAS AA 
01 SENSOR AA 
01 TECLADO
01 SIRENE RONTAN
01 GERADOR NEBLINA AA 
Fornecer e instalar:
01 KIT FECHADURA ELETROMECANINCA PORTA DO ABSTECIMENTO ";;;;;
;NÃO INICIADO;2025-09-19;MARCELA;AG 7974 BIGUACU-SC;GILSON;Espaço Simplificado;Ismael Geci;Desinstalação Parcial;"19/09/25 ÁS 17:00H –  
Desinstalar: AA + BATERIA CAIXAS 
01 SISMICO TCR  (RECOLHER)
02 SIRENES ALONSO ABASTECIMENTO E EXTERNA (RECOLHER)
02 AUDIO COMPLETO (RECOLHER)
01 SÍSMICO TCR (RECOLHER)
03 SISMICOS CEI 
01 CXP SISMICO 
04 CAMERAS AA 
01 SENSOR AA 
01 TECLADO
01 SIRENE RONTAN
01 GERADOR NEBLINA AA ";;;;;
;NÃO INICIADO;2025-09-29;MARCELA;AG 0021 SANTOS-SP;SABRINA;Receptora;Manoel Xavier;Reinstalação Parcial;"
29/09/2025 às 10 h– Ativar um sensor sísmico do TCR remanejado.  ";;;;;
;NÃO INICIADO;2025-09-26;MARCELA;AG 0021 SANTOS-SP;ROSEANE;Receptora;Manoel Xavier;Desinstalação Total;"26/09/2025 às 16h – Desativar um sensor sísmico do TCR.
                                     +   Decréscimo de um sensor sísmico do TCR.";;;;;
;NÃO INICIADO;2025-09-29;MARCELA;PERSONNALITE 9687 BH AFONSO PENA;SABRINA;Acessibilidade;Jose Vieira;Reinstalação Parcial;"Segunda-feira, dia 29/09/2025 a partir das 10:00h
Reinstalação: 
Dos equipamentos de segurança do TCR para substituição dos guichês de caixa: 
1 sísmico
Dos equipamentos de segurança da tesouraria: 
1 sísmico; 2 sensores de presença; 1 teclado; 1 gerador de neblina; 2 câmeras;";;;;;
;NÃO INICIADO;2025-09-26;MARCELA;PERSONNALITE 9687 BH AFONSO PENA;SABRINA;Acessibilidade;Jose Vieira;Desinstalação Parcial;"Sexta-Feira, dia 26/09/2025 a partir das 16:00h 
Desinstalação: 
Dos equipamentos de segurança do TCR para substituição dos guichês de caixa: 
1 sísmico
Dos equipamentos de segurança da tesouraria: 
1 sísmico; 2 sensores de presença; 1 teclado; 1 gerador de neblina) ; 2 câmeras";;;;;
;NÃO INICIADO;2025-09-22;MARCELA;AG 1403 BELO HORIZONTE-AV JOAO PINHEIRO;SABRINA;Empreenda;Eduardo Duarte;Reinstalação Parcial;"Em 22/09/2025 às 10h- Ativação de equipamentos.  
- 08 Câmeras.
- 07 Sensores.
- 01 Acesso Biométrico.
- 01 Sísmico TCR.";;;;;
;NÃO INICIADO;2025-09-19;MARCELA;AG 1403 BELO HORIZONTE-AV JOAO PINHEIRO;SABRINA;Empreenda;Eduardo Duarte;Desinstalação Parcial;"Em 19/09/2025 às 17h - Desativação de equipamentos.  
- 08 Câmeras.
- 07 Sensores.
- 01 Acesso Biométrico.
- 03 Sísmicos TCR.";;;;;
;NÃO INICIADO;2025-09-26;MARCELA;AG 1639 BELO HORIZONTE-BARREIRO;SABRINA;Empreenda;Jose Vieira;Reinstalação Parcial;"Segunda feira - 22/09/25 às 9 hs:
Reinstalar 03 sensores + 03 câmeras, 01 sísmico TCR , 01 biometria.";;;;;
;NÃO INICIADO;2025-09-29;MARCELA;AG 1639 BELO HORIZONTE-BARREIRO;SABRINA;Empreenda;Jose Vieira;Desinstalação Parcial;"Sexta feira - 19/09/25 às 17 hs 
Desinstalar:  03 câmeras + 03 sensores, 01 biometria, 01 sísmico TCR. ";;;;;
;NÃO INICIADO;2025-09-25;MARCELA;AG 1688 CURITIBA-XAXIM;SABRINA;Demanda Pontual;Maicon Mendes;Desinstalação Total;"Seguir com a demanda abaixo:

-25/09/2025 às 11h00 Desativação de 03 sísmicos.";;;;;
;NÃO INICIADO;2025-09-26;MARCELA;AG 0030 ATIBAIA-SP;SABRINA;Empreenda;Paulo Falcon;Desinstalação Total;"Agendar 
SEGURANÇA CONJUNTA DE INICIO DAS ATIVIDAS DIA 19/09/2025 AS 16HS
DESATIVA 1 SISMICO DO GUICHE AS 17HS.";;;;;
;NÃO INICIADO;2025-09-26;MARCELA;AG 3048 SOROCABA-ALEM PONTE;ROSEANE;Encerramento;Darcio Fernandes;Desinstalação Total;"26/09 às 10:00h - Desinstalar, embalar e recolher todos os equipamentos de segurança, inclusive a bandeja de CFTV e PGDM.
Enviar book e lista dos equipamentos recolhidos, conforme acordamos em reunião.";;;;;
;NÃO INICIADO;2025-09-19;MARCELA;AG 0633 MAFRA-SC;ROSEANE;Encerramento;Filipe Marinho ;Desinstalação Total;" 
Olá boa tarde,
Segue programação:
 
19/09 às 10:00h - Desinstalar, embalar e recolher todos os equipamentos de segurança, inclusive a bandeja de CFTV e PGDM.
Enviar book e lista dos equipamentos recolhidos, conforme acordamos em reunião.";;;;;
;NÃO INICIADO;2025-09-19;MARCELA;AG 0640 PORTO UNIAO-SC;ROSEANE;Encerramento;Lincon Eberhardt;Desinstalação Total;"
19/09 às 10:00h - Desinstalar, embalar e recolher todos os equipamentos de segurança, inclusive a bandeja de CFTV e PGDM.
Enviar book e lista dos equipamentos recolhidos, conforme acordamos em reunião.";;;;;
;NÃO INICIADO;2025-09-19;MARCELA;AG 3334 BELO HORIZONTE-RUA PADRE ROLIM;ROSEANE;Encerramento;Eduardo Duarte;Desinstalação Total;"
19/09 às 10:00h - Desinstalar, embalar e recolher todos os equipamentos de segurança, inclusive a bandeja de CFTV e PGDM.
Enviar book e lista dos equipamentos recolhidos, conforme acordamos em reunião.";;;;;
;NÃO INICIADO;2025-09-24;GIOVANA;AG 6094 APERIBE-RJ;DANILO;Unificadas;Pedro Paulo;Instalação nova;"No dia 24/09/2025 às 09h

 Realizar vistoria de infra
 Fornecer e instalar a(s) câmera(s) n° 22 (Dori-PG) e 23 (Dori-SIF) - Modelo da câmera a ser instalada: FD9388-HTV CÂMERA OUTDOOR FIXED DOME, 5MP 20FPS, H.265/H.264 - NO AUDIO
 Fornecer e instalar a(s) câmeras n° 24 (biombo), 25 (espera), 21 (escudo/cofre b40)
 Recolher todas as infras de CFTV remanescente
 Verificar se há alguma infra para câmera no local que não constam no layout e nos avisar para ver a necessidade de instalação de novas câmeras
 Verificar se as demais câmeras contempladas na normativa estão adequadas ao que é exigido pela Polícia Federal";;;;;
;NÃO INICIADO;2025-09-16;MARCELA;AG 4257 PARAOPEBA-MG;ROSEANE;Encerramento;Eduardo Duarte;Desinstalação Total;16/09 às 10:00h - Desinstalar, embalar e recolher todos os equipamentos de segurança, inclusive a bandeja de CFTV e PGDM.;;;;;
;NÃO INICIADO;2025-09-24;GIOVANA;AG 6175 ITALVA-RJ;DANILO;Unificadas;Pedro Paulo;Instalação nova;"No dia 24/09/2025 às 09h
 
Realizar vistoria de infra
Fornecer e instalar a(s) câmera(s) n° 26 (Dori-PG) e 27 (Dori-SIF) - Modelo da câmera a ser instalada:  FD9388-HTV CÂMERA OUTDOOR FIXED DOME, 5MP 20FPS, H.265/H.264 - NO AUDIO
Fornecer e instalar a(s) câmeras n° 28 (tesouraria)
Recolher todas as infras de CFTV remanescente
Verificar se há alguma infra para câmera no local que não constam no layout e nos avisar para ver a necessidade de instalação de novas câmeras
Verificar se as demais câmeras contempladas na normativa estão adequadas ao que é exigido pela Polícia Federal";;;;;
;NÃO INICIADO;2025-09-24;GIOVANA;AG 4853 SAO FCO DE ITABAPOANA-RJ;DANILO;Unificadas;Pedro Paulo;Instalação nova;"No dia 24/09/2025 às 09h

 Realizar vistoria de infra
 Fornecer e instalar a(s) câmera(s) n° 23 (Dori-PG) e 24 (Dori-SIF) - Modelo da câmera a ser instalada: FD9388-HTV CÂMERA OUTDOOR FIXED DOME, 5MP 20FPS, H.265/H.264 - NO AUDIO
 Fornecer e instalar a(s) câmeras n° 25 (corredor caixas), 13 (cofre CBL), 22 (escudo/cofre B40)
 Recolher todas as infras de CFTV remanescente
 Verificar se há alguma infra para câmera no local que não constam no layout e nos avisar para ver a necessidade de instalação de novas câmeras
 Verificar se as demais câmeras contempladas na normativa estão adequadas ao que é exigido pela Polícia Federal";;;;;
;NÃO INICIADO;2025-09-30;GIOVANA;AG 1595 RIO-CACUIA;DANILO;Unificadas;Francisco Gilney;Instalação nova;"No dia 30/09/2025 às 09h

 Realizar vistoria de infra
 Fornecer e instalar a(s) câmera(s) n° 41 (Dori-PG) e 42 (Dori-SIF) - Modelo da câmera a ser instalada: FD9388-HTV CÂMERA OUTDOOR FIXED DOME, 5MP 20FPS, H.265/H.264 - NO AUDIO
 Fornecer e instalar a(s) câmera(s) n° 27 (escudo/cofre b40)
 Verificar se há alguma infra para câmera no local que não constam no layout e nos avisar para ver a necessidade de instalação de novas câmeras
 Verificar se as demais câmeras contempladas na normativa estão adequadas ao que é exigido pela Polícia Federal";;;;;
;NÃO INICIADO;2025-09-24;GIOVANA;AG 6089 ENGENHEIRO PAULO DE FRONTIN-RJ;DANILO;Unificadas;Francisco Gilney;Instalação nova;"No dia 24/09/2025 às 09h
 
             Realizar vistoria de infra
             Fornecer e instalar a(s) câmera(s) n° 20 (Dori-PG) e 21 (Dori-SIF) - Modelo da câmera a ser instalada:  FD9388-HTV CÂMERA OUTDOOR FIXED DOME, 5MP 20FPS, H.265/H.264 - NO AUDIO
             Fornecer e instalar a(s) câmera(s) n° 06 (espera)
             Verificar se há alguma infra para câmera no local que não constam no layout e nos avisar para ver a necessidade de instalação de novas câmeras
             Verificar se as demais câmeras contempladas na normativa estão adequadas ao que é exigido pela Polícia Federal";;;;;
;NÃO INICIADO;2025-09-26;GIOVANA;AG 4569 MARICA-RJ;DANILO;Unificadas;Francisco Gilney;Instalação nova;"No dia 26/09/2025 às 09h

 Realizar vistoria de infra
 Fornecer e instalar a(s) câmera(s) n° 39 (Dori-PG) e 40 (Dori-SIF) - Modelo da câmera a ser instalada: FD9388-HTV CÂMERA OUTDOOR FIXED DOME, 5MP 20FPS, H.265/H.264 - NO AUDIO
 Fornecer e instalar a(s) câmera(s) n° 41 (escudo/cofre b40)
 Verificar se há alguma infra para câmera no local que não constam no layout e nos avisar para ver a necessidade de instalação de novas câmeras
 Verificar se as demais câmeras contempladas na normativa estão adequadas ao que é exigido pela Polícia Federal";;;;;
;NÃO INICIADO;2025-09-30;GIOVANA;AG 5655 NILOPOLIS-GETULIO VARGAS;DANILO;Unificadas;Francisco Gilney;Instalação nova;"§ Realizar vistoria de infra
§ Fornecer e instalar a(s) câmera(s) n° 48 (Dori-PG) e 19 (Dori-SIF) - Modelo da câmera a ser instalada:  FD9388-HTV CÂMERA OUTDOOR FIXED DOME, 5MP 20FPS, H.265/H.264 - NO AUDIO
§ Fornecer e instalar a(s) câmera(s) n° 21 (escudo/cofre b40), 36 (corredor caixa superior)
§ Verificar a possibilidade de passagem de infra e instalação de câmera para o escudo superior
§ Verificar se há alguma infra para câmera no local que não constam no layout e nos avisar para ver a necessidade de instalação de novas câmeras
§ Verificar se as demais câmeras contempladas na normativa estão adequadas ao que é exigido pela Polícia Federal";;;;;
;NÃO INICIADO;2025-09-30;GIOVANA;AG 6895 SAO GONCALO-COLUBANDE;DANILO;Unificadas;Francisco Gilney;Instalação nova;"No dia 30/09/2025 às 09h

 Realizar vistoria de infra
 Fornecer e instalar a(s) câmera(s) n° 30 (Dori-PG) e 31 (Dori-SIF) - Modelo da câmera a ser instalada: FD9388-HTV CÂMERA OUTDOOR FIXED DOME, 5MP 20FPS, H.265/H.264 - NO AUDIO
 Fornecer e instalar a(s) câmera(s) n° 32 (escudo/cofre b40), 33 (corredor caixas), 10 (espera 1)
 Verificar se há alguma infra para câmera no local que não constam no layout e nos avisar para ver a necessidade de instalação de novas câmeras
 Verificar se as demais câmeras contempladas na normativa estão adequadas ao que é exigido pela Polícia Federal";;;;;
;NÃO INICIADO;2025-09-30;GIOVANA;AG 0283 RIO-VIUVA DANTAS;DANILO;Unificadas;Jefferson Bittar;Instalação nova;"No dia 30/09/2025 às 09h
 
Realizar vistoria de infra
Fornecer e instalar a(s) câmera(s) n° 45 (Dori-PG) e 46 (Dori-SIF) - Modelo da câmera a ser instalada:  FD9388-HTV CÂMERA OUTDOOR FIXED DOME, 5MP 20FPS, H.265/H.264 - NO AUDIO
Fornecer e instalar a(s) câmera(s) n° 14 (escudo), 33 (cofre CBL)
Verificar se há alguma infra para câmera no local que não constam no layout e nos avisar para ver a necessidade de instalação de novas câmeras
Verificar se as demais câmeras contempladas na normativa estão adequadas ao que é exigido pela Polícia Federal";;;;;
;NÃO INICIADO;2025-09-30;GIOVANA;AG 0201 NOVA IGUACU-RJ;DANILO;Unificadas;Francisco Gilney;Instalação nova;"No dia 30/09/2025 às 09h

 Realizar vistoria de infra
 Fornecer e instalar a(s) câmera(s) n° 34 (Dori-PG) e 35 (Dori-SIF) - Modelo da câmera a ser instalada: FD9388-HTV CÂMERA OUTDOOR FIXED DOME, 5MP 20FPS, H.265/H.264 - NO AUDIO
 Fornecer e instalar a(s) câmera(s) n° 07 (escudo inferior/cofre b40), 36 (escudo superior)
 Verificar se há alguma infra para câmera no local que não constam no layout e nos avisar para ver a necessidade de instalação de novas câmeras
 Verificar se as demais câmeras contempladas na normativa estão adequadas ao que é exigido pela Polícia Federal";;;;;
;NÃO INICIADO;2025-09-26;GIOVANA;AG 2743 PETROPOLIS-RUA PAULO BARBOSA;DANILO;Unificadas;Francisco Gilney;Instalação nova;"No dia 26/09/2025 às 09h

Realizar vistoria de infra
Fornecer e instalar a(s) câmera(s) n° 22 (Dori-PG) e 23 (Dori-SIF) - Modelo da câmera a ser instalada:  FD9388-HTV CÂMERA OUTDOOR FIXED DOME, 5MP 20FPS, H.265/H.264 - NO AUDIO
Fornecer e instalar a(s) câmera(s) n° 07 (espera), 24 (escudo/cofre b40), 25 (corredor caixas)
Verificar se há alguma infra para câmera no local que não constam no layout e nos avisar para ver a necessidade de instalação de novas câmeras
Verificar se as demais câmeras contempladas na normativa estão adequadas ao que é exigido pela Polícia Federal";;;;;
;NÃO INICIADO;2025-09-26;GIOVANA;AG 5649 NITEROI-BAIRRO FONSECA;DANILO;Unificadas;Francisco Gilney;Instalação nova;"No dia 26/09/2025 às 09h

 Realizar vistoria de infra
 Fornecer e instalar a(s) câmera(s) n° 24 (Dori-PG) e 25 (Dori-SIF) - Modelo da câmera a ser instalada: FD9388-HTV CÂMERA OUTDOOR FIXED DOME, 5MP 20FPS, H.265/H.264 - NO AUDIO
 Fornecer e instalar a(s) câmera(s) n° 05 (espera), 26 (escudo/cofre b40), 27 (corredor caixas)
 Verificar se há alguma infra para câmera no local que não constam no layout e nos avisar para ver a necessidade de instalação de novas câmeras
 Verificar se as demais câmeras contempladas na normativa estão adequadas ao que é exigido pela Polícia Federal";;;;;
;NÃO INICIADO;2025-09-22;GIOVANA;AG 6895 SAO GONCALO-COLUBANDE;GILSON;Espaço Simplificado;Francisco Gilney;Reinstalação Parcial;"Dia 22.09.25 - 09h 
Ativar 
01sismico ATM ( Reciclador Nº 24072)";;;;;
;NÃO INICIADO;2025-09-19;GIOVANA;AG 6895 SAO GONCALO-COLUBANDE;GILSON;Espaço Simplificado;Francisco Gilney;Desinstalação Parcial;"Dia 19.09.25 - 16h 
Desativar 
03 sísmicos TCR ( recolher)
01 sísmico ATM (Reciclador Nº 24072) ";;;;;
;NÃO INICIADO;2025-09-22;GIOVANA;AG 7856 GUAPIMIRIM-RJ;GILSON;Espaço Itaú;Francisco Gilney;Reinstalação Parcial;"22/09/2025 – segunda-feira – 09hrs
Conjunta vistoria infra
Reinstalar:
01 sísmico ATM";;;;;
;NÃO INICIADO;2025-09-19;GIOVANA;AG 7856 GUAPIMIRIM-RJ;GILSON;Espaço Itaú;Francisco Gilney;Desinstalação Parcial;"19/09/2025 – sexta-feira – 16hrs
Desinstalar: BATERIA DE CAIXAS
02 sísmicos TCR – em definitivo (recolher) – excluir zonas
01 sísmico ATM";;;;;
;PENDENCIA DE INFRA;2025-09-22;GIOVANA;AG 3199 RIO-CARIOCA SHOPPING;GILSON;Espaço Simplificado;Gilmar Brito;Reinstalação Parcial;"22/09/2025 – segunda-feira – 09hrs
Conjunta vistoria  final : 
Reinstalar: AA
01 sensor de presença
Fornecer e instalar: AA
01 kit fechadura eletromecânica (01 porta do abastecimento)";;;;;
;NÃO INICIADO;2025-09-19;GIOVANA;AG 3199 RIO-CARIOCA SHOPPING;GILSON;Espaço Simplificado;Gilmar Brito;Desinstalação Parcial;"19/09/2025 – sexta-feira – 16hrs
Desinstalar: AA  + BAT CAIXAS 
06 sísmicos (02  TCR + 04 ATM recicladores)  - em definitivo – recolher) – excluir a zona
02 sirenes Alonso (abastecimento + externa - em definitivo – recolher) – excluir a zona
01 KIT AUDIO completo (AA + bateria de caixas) 
01 sensor de presença";;;;;
;NÃO INICIADO;2025-09-22;GIOVANA;AG 6174 CAMPOS DOS GOYTACAZES-LAPA;GILSON;Espaço Itaú;Pedro Paulo;Reinstalação Parcial;"22/09 às 09h
ATIVAR: 
01 Câmera de abastecimento
02 Sensores de presença dos guichês de caixa
Fornecer e instalar:
02 Kits de segurança para acesso terceirizado
 ";;;;;
;NÃO INICIADO;2025-09-19;GIOVANA;AG 6174 CAMPOS DOS GOYTACAZES-LAPA;GILSON;Espaço Itaú;Pedro Paulo;Desinstalação Parcial;"19/09 às 17h
DESATIVAR
02 Alarmes sísmicos dos CEI - RECOLHER
02 Alarmes sísmicos dos TCRs - RECOLHER
01 Sistema de áudio completo (AA + bat caixas) – RECOLHER
02 sirenes Alonso  - RECOLHER
01 Câmera de abastecimento (posição 03)
02 Sensores de presença dos guichês de caixa";;;;;
;NÃO INICIADO;2025-09-22;GIOVANA;AG 6242 MACAE-PRAIA DOS CAVALEIROS;GILSON;Espaço Itaú;Francisco Gilney;Reinstalação Parcial;"22/09 às 09h
ativação
01 Gerador de Neblina
 
Fornecer e instalar:
01 Kit de fechadura para terceirização";;;;;
;NÃO INICIADO;2025-09-19;GIOVANA;AG 6242 MACAE-PRAIA DOS CAVALEIROS;GILSON;Espaço Itaú;Francisco Gilney;Desinstalação Parcial;"19/09 às 17h, 
desativação
01 Alarme sísmico do TCR (RECOLHER)
02 Alarmes sísmicos dos ATMs (RECOLHER)
01 Gerador de Neblina";;;;;
;NÃO INICIADO;2025-09-22;GIOVANA;AG 6179 RIO-PASSAGEM;GILSON;Espaço Simplificado;Francisco Gilney;Reinstalação Parcial;"Instalar 22/09  ás 8:00
Abastecimento 
Gerencias.
 05 sísmicos CEI
01 KIT de terceirização abastecimento (Porta de aço";;;;;
;NÃO INICIADO;2025-09-19;GIOVANA;AG 6179 RIO-PASSAGEM;GILSON;Espaço Simplificado;Francisco Gilney;Desinstalação Parcial;"Desinstalar 19/09 às 16:00
Abastecimento 
Gerencias.
 05 sismicos CEI";;;;;
;NÃO INICIADO;2025-09-19;GIOVANA;AG 8803 RIO TOPAZIO;GILSON;Espaço Simplificado;Francisco Gilney;Desinstalação Parcial;"19/09/2025 – sexta-feira -16hrs
Desativação parcial: BATERIA DE CAIXAS
02 alarmes sísmico TCRs – recolher e excluir as zonas";;;;;
;NÃO INICIADO;2025-09-22;GIOVANA;AG 1558 UBA-MG;GILSON;Reforma 2020;Matheus Vieira;Reinstalação Parcial;"22/09/2025 – segunda-feira – 09hrs
Conjunta vistoria infra:
Reinstalação parcial: BATERIA CAIXAS
02 sísmicos TCRs";;;;;
;NÃO INICIADO;2025-09-18;GIOVANA;AG 1558 UBA-MG;GILSON;Reforma 2020;Matheus Vieira;Vistoria Partida;"18/09/2025-  quinta-feira – 15hrs: Conjunta vistoria de partida e validação de todo projeto que será executado;";;;;;
;NÃO INICIADO;2025-09-17;GIOVANA;AG 9160 RIO MUSEU REPUBLICA;GILSON;Espaço Itaú;Jefferson Bittar;Instalação nova;"concluir até  17/09/2025 – quarta-feira – 10hrs
Fornecer e instalar :
01 controle de acesso biométrico
Cadastra senhas do gerente e usuários";;;;;
;FINALIZADA;2025-09-22;MARCELA;INVESTMENT 1931 CENTER BELO;SABRINA;Demanda Pontual;Eduardo Duarte;Reinstalação Parcial;"IC 1931 – Investment Center Personnalite Belo Horizonte MG.

Troca dos IP’s do CFTV e Alarme a partir das 13hs – Segurança.
CFTV – De 10.146.250.178/26 para 10.221.111.178/26 – Gateway 10.221.111.131/26.
Alarme – De 10.146.250.190/26 para 10.221.111.190/26 – Gateway 10.221.111.131/26.
Vídeo Conferência - De 10.146.250.180/26 para 10.221.111.180/26 – Gateway 10.221.111.131/26.";;;2025-09-22;;
;NÃO INICIADO;2025-09-12;MARCELA;AG 0658 JUNDIAI-VILA ARENS;GILSON;Espaço Simplificado;Paulo Falcon;Desinstalação Total;"Segue programação:
12/09/2025 - Sexta feira-  17hs
Desinstalar: Bateria CAIXAS
03 alarmes sísmicos TCRs (recolher)";;;;;
;NÃO INICIADO;2025-09-16;FERNANDA;AG 6875 DIADEMA-SERRARIA;WILLIAM;Commbox;Thiago Alarcon;Instalação nova;Instalação do sistema de alarme commbox;;;;;
;NÃO INICIADO;2025-09-22;FERNANDA;AG 0257 DIADEMA-SP;SABRINA;Empreenda;Thiago Alarcon;Reinstalação Parcial;Às 12hr - Reinstalar: 1 Câmera;;;;;
;NÃO INICIADO;2025-09-19;FERNANDA;AG 0257 DIADEMA-SP;SABRINA;Empreenda;Thiago Alarcon;Desinstalação Parcial;Às 17hr - Desintalar: 3 sensores + 3 sísmicos + 2 câmeras;;;;;
;PENDENCIA DE INFRA;2025-09-29;FERNANDA;AG 0137 SP-INTERLAGOS;WILLIAM;Commbox;Thiago Alarcon;Vistoria Final;Vistoria da infraestrutura para commbox;;;;;
;NÃO INICIADO;2025-09-29;FERNANDA;AG 0137 SP-INTERLAGOS;ANDRESSA;Gerador de neblina;Thiago Alarcon;Instalação nova;Instalação de gerador de neblina - 741289/2025;;;;;
;NÃO INICIADO;2025-09-22;FERNANDA;AG 0048 SP-BAIRRO DA LAPA;SABRINA;Rede Hub;Thiago Alarcon;Vistoria Final;Às 09H – Realizar a vistoria conjunta referente as infra e instalações novas dos equipamentos de segurança (CFTV e alarme).;;;;;
;NÃO INICIADO;2025-09-26;FERNANDA;AG 0048 SP-BAIRRO DA LAPA;SABRINA;Rede Hub;Thiago Alarcon;Desinstalação Total;Às 17hr - Desinstalar definitivo, todos os equipamentos de CFTV – Alarme e controle de acesso. ;;;;;
;NÃO INICIADO;2025-09-16;FERNANDA;AG 0428 SP-ALAMEDA BARROS;DANILO;Reconhecimento facial;Reinaldo Moura;Reinstalação Parcial;Substituição de 1 câmera de reconhecimento facial para o modelo mais novo.;;;;;
;NÃO INICIADO;2025-09-16;FERNANDA;AG 0428 SP-ALAMEDA BARROS;WILLIAM;Commbox;Reinaldo Moura;Instalação nova;Vistoria da infraestrutura para commbox;;;;;
;NÃO INICIADO;2025-09-26;FERNANDA;AG 1634 SP-CAMPO LIMPO;WILLIAM;Commbox;Manossesi Gonzales;Instalação nova;Instalação do sistema de alarme commbox;;;;;
;NÃO INICIADO;2025-09-22;FERNANDA;AG 6511 FRANCISCO MORATO-SP;GILSON;Espaço Itaú;Lucas Gonzalez;Instalação nova;"Às 09hr - Conjunta vistoria  final :
Fornecer e instalar: AA
02 kits fechaduras eletromecânicas (02 portas do abastecimento)";;;;;
;NÃO INICIADO;2025-09-19;FERNANDA;AG 6511 FRANCISCO MORATO-SP;GILSON;Espaço Itaú;Lucas Gonzalez;Desinstalação Parcial;"Às 16hr - Desinstalar: AA  + BAT CAIXAS 
01 sísmico atm reciclador – excluir a zona
02 sirenes Alonso (abastecimento + externa - em definitivo – recolher) – excluir a zona
01 KIT AUDIO completo (AA + bateria de caixas) ";;;;;
;NÃO INICIADO;2025-09-19;FERNANDA;AG 0895 SP-VILA DOS REMEDIOS;DANILO;Dori Doors;Lucas Gonzalez;Instalação nova;"Às 09hr- Realizar vistoria de infra
Fornecer e instalar a(s) câmera(s) n° 34 (Dori-PG) e 35 (Dori-SIF) - Modelo da câmera a ser instalada:  FD9388-HTV CÂMERA OUTDOOR FIXED DOME, 5MP 20FPS, H.265/H.264 - NO AUDIO
Fornecer e instalar a(s) câmera(s) n° 36 (escudo)
Verificar a possibilidade de remanejamento de uma das câmeras da tesouraria para pegar os cofres de frente
Verificar se há alguma infra para câmera no local que não constam no layout e nos avisar para ver a necessidade de instalação de novas câmeras
Verificar se as demais câmeras contempladas na normativa estão adequadas ao que é exigido pela Polícia Federal
Importante: Não substituir nenhum ponto de câmera existente.";;;;;
;NÃO INICIADO;2025-09-22;FERNANDA;AG 0551 CARAPICUIBA-SP;SABRINA;Empreenda;Lucas Gonzalez;Reinstalação Parcial;"APÓS AS 10H ( LOCAL PROVISORIO) - REINSTALAÇÃO 
- 9 SENSORES
- 3 CAMERAS 
- 1 CONTROLE DE ACESSO";;;;;
;NÃO INICIADO;2025-09-19;FERNANDA;AG 0551 CARAPICUIBA-SP;SABRINA;Empreenda;Lucas Gonzalez;Desinstalação Parcial;"APÓS AS 18H - REMANEJAMENTO
- 9 SENSORES
- 3 CAMERAS
- 1 CONTROLE DE ACESSO";;;;;
;NÃO INICIADO;2025-09-29;FERNANDA;AG 0024 BARUERI-SP;WILLIAM;Commbox;Lucas Gonzalez;Instalação nova;Instalação do sistema de alarme commbox;;;;;
;NÃO INICIADO;2025-09-22;FERNANDA;AG 0010 FRANCO DA ROCHA-SP;SABRINA;Empreenda;Lucas Gonzalez;Reinstalação Parcial;"APÓS AS 10H - REINSTALAÇÃO
- 4 SENSORES
- 2 CAMERAS
- CONTROLE BIOMETRICO";;;;;
;NÃO INICIADO;2025-09-19;FERNANDA;AG 0010 FRANCO DA ROCHA-SP;SABRINA;Empreenda;Lucas Gonzalez;Reinstalação Parcial;"APÓS AS 18H - REMANEJAMENTO
- 4 SENSORES
-2 CAMERAS
- CONTROLE BIOMETRICO NO SALÃO";;;;;
;NÃO INICIADO;2025-09-22;FERNANDA;PERSONNALITE 4054 SÃO CAETANO DO SUL;DANILO;Receptora;Flavio Pacheco;Instalação nova;"Às 10hr - Ativar biometria. 
Decréscimo de 1 sensor.
Remanejar 01 sensor.";;;;;
;NÃO INICIADO;2025-10-10;FERNANDA;AG 3099 SP-SHOPPING CENTER IBIRAPUERA;ROSEANE;Encerramento;Reinaldo Moura;Desinstalação Total;Às 10hr - Desinstalar e descartar porta giratória.;;;;;
;NÃO INICIADO;2025-10-10;FERNANDA;AG 3099 SP-SHOPPING CENTER IBIRAPUERA;ROSEANE;Encerramento;Flavio Pacheco;Desinstalação Total;Desinstalar, embalar e recolher todos os equipamentos de segurança, inclusive a bandeja de CFTV.;;;;;
;NÃO INICIADO;2025-09-22;FERNANDA;AG 0285 SP-MARACATINS;GILSON;Espaço Simplificado;Flavio Pacheco;Reinstalação Parcial;"Às 9hr - Conjunta vistoria - REINSTALAR:
03 SISMICO RECICLADORA RM4
05 SENSORES  (PROVISÓRIO)
CAMERAS (PROVISORIAS)
VERIFICAR A QUANTIDAE DE GERADOR DE NEBLINA (2GN) 
1 FECHADURAS BIOMETRICAS (REMANEJADA)
02 ALARME DE TECLADO";;;;;
;NÃO INICIADO;2025-09-19;FERNANDA;AG 0285 SP-MARACATINS;GILSON;Espaço Simplificado;Flavio Pacheco;Desinstalação Parcial;"Às 16hr - Desinstalar:
01 SISMICO TCR 
04 SISMICO RECICLADORAS
01 SISMICO DE ATM 
02 TECLADOS 
01 FECHADURA BIOMETRICA 
CAMERAS AREA GUICHE RETAGUARDA 13;14
05 SENSORES  (AREAS GUICHES E ESPERA)
CAMERA ESPERA 10;11;12
DESATIVAR PARCIAL TOTAL 02 AUDIO – 1 AMPLIFICADOR";;;;;
;PENDENCIA DE INFRA;2025-09-17;FERNANDA;AG 0074 SP-VILA FORMOSA;SABRINA;Empreenda;Flavio Pacheco;Reinstalação Parcial;Reinstalar a biometria na porta de vidro hall elevador no subsolo (estacionamento);;;;;
;NÃO INICIADO;2025-09-19;FERNANDA;AG 6644 SP-BAIRRO IGUATEMI;DANILO;Dori Doors;Eduardo Libano;Instalação nova;"Às 09hr- Realizar vistoria de infra
Fornecer e instalar a(s) câmera(s) n° 33 (Dori-PG) e 34 (Dori-SIF) - Modelo da câmera a ser instalada:  FD9388-HTV CÂMERA OUTDOOR FIXED DOME, 5MP 20FPS, H.265/H.264 - NO AUDIO
Fornecer e instalar a(s) câmera(s) n° 30 (corredor caixa) e 31 (escudo/cofre b40)
Verificar se há alguma infra para câmera no local que não constam no layout e nos avisar para ver a necessidade de instalação de novas câmeras
Verificar se as demais câmeras contempladas na normativa estão adequadas ao que é exigido pela Polícia Federal
Importante: Não substituir nenhum ponto de câmera existente.";;;;;
;NÃO INICIADO;2025-09-19;FERNANDA;AG 6404 SP-SANTA MARCELINA;ANDRESSA;Gerador de neblina;Bruno Leandro;Instalação nova;Instalação de gerador de neblina - 747042;;;;;
;NÃO INICIADO;2025-09-19;FERNANDA;AG 1665 SP-ERMELINO MATARAZZO;DANILO;Dori Doors;Bruno Leandro;Instalação nova;"Às 9hr - Realizar vistoria de infra
Fornecer e instalar a(s) câmera(s) n° 33 (Dori-PG) e 34 (Dori-SIF) - Modelo da câmera a ser instalada:  FD9388-HTV CÂMERA OUTDOOR FIXED DOME, 5MP 20FPS, H.265/H.264 - NO AUDIO
Fornecer e instalar a(s) câmera(s) n° 29 (escudo/cofre b40)
Verificar se há alguma infra para câmera no local que não constam no layout e nos avisar para ver a necessidade de instalação de novas câmeras
Verificar se as demais câmeras contempladas na normativa estão adequadas ao que é exigido pela Polícia Federal.
Importante: Não substituir nenhum ponto de câmera existente.";;;;;
;NÃO INICIADO;2025-09-18;FERNANDA;AG 0764 SP-ARTHUR ALVIM;DANILO;Dori Doors;Bruno Leandro;Instalação nova;"Às 9hr - Realizar vistoria de infra
Fornecer e instalar a(s) câmera(s) n° 33 (Dori-PG) e 34 (Dori-SIF) - Modelo da câmera a ser instalada:  FD9388-HTV CÂMERA OUTDOOR FIXED DOME, 5MP 20FPS, H.265/H.264 - NO AUDIO
Fornecer e instalar a(s) câmera(s) n° 35 (escudo/cofre b40)
Verificar se há alguma infra para câmera no local que não constam no layout e nos avisar para ver a necessidade de instalação de novas câmeras
Verificar se as demais câmeras contempladas na normativa estão adequadas ao que é exigido pela Polícia Federal.
Importante: Não substituir nenhum ponto de câmera existente.";;;;;
;NÃO INICIADO;2025-09-26;FERNANDA;AG 0287 SP-VILA MATILDE;WILLIAM;Commbox;Bruno Leandro;Instalação nova;Instalação do sistema de alarme commbox;;;;;
;NÃO INICIADO;2025-09-22;FERNANDA;AG 0393 SP-FARIA LIMA;DANILO;Receptora;Alexandre Coello;Reinstalação Parcial;REINSTALAR: CÂMERAS 34 E 38.;;;;;
;NÃO INICIADO;2025-09-19;FERNANDA;AG 0393 SP-FARIA LIMA;DANILO;Receptora;Alexandre Coello;Desinstalação Parcial;DESINSTALAR: CÂMERAS 34 E 38. ;;;;;
;NÃO INICIADO;2025-09-12;MARCELA;AG 1951 JUNDIAI-9 DE JULHO;GILSON;Espaço Itaú;Paulo Falcon;Desinstalação Total;"12/09/2025 - Sexta feira-  17hs
Desinstalar: Bateria CAIXAS
01 alarme sísmico TCR (recolher)";;;;;
;NÃO INICIADO;2025-09-18;MARCELA;PAB 3981 CURITIBA ASSEMBLEIA;ROSEANE;PAB;Maicon Mendes;Reinstalação Parcial;Segue chamado dos demais equipamentos – Instalar até 18/09:;;;;;
;NÃO INICIADO;2025-09-12;MARCELA;AG 5648 DIGITAL UNICLASS;GILSON;Plano Diretor;Fabio Barbosa;Reinstalação Parcial;"12/09/2025 – sexta-feira – 09hrs
Remanejar DVR  para dentro do rack (ver foto abaixo)
OBS1: Caso os cabos de cftv não tenham comprimento suficiente para instalação dentro do rack, veja se é possível instalarmos um patch panel e prolongarmos os cabos;
OBS2:  remanejar tubulação também para o lado do rack e depois enviar orçamento, apenas para o meu Email , da infraestrutura executada, para abertura dos chamados.";;;;;
;NÃO INICIADO;2025-09-22;MARCELA;AG 0076 SOROCABA-SP;ROSEANE;Receptora;Darcio Fernandes;Reinstalação Parcial;"Segunda - feira – 22/09 às 10 hs – Programar ativação conforme abaixo:
09 alarmes sísmico Ceis (sendo 06 recicladoras + 03 adattis)";;;;;
;NÃO INICIADO;2025-09-19;MARCELA;AG 0076 SOROCABA-SP;ROSEANE;Receptora;Darcio Fernandes;Desinstalação Parcial;"Sexta- feira – 19/09 às 17 hs – Programar desativação com remanejamentos conforme abaixo:
12 alarme sísmico Ceis: Sexta- feira – 19/09 às 17 hs – Decréscimo de 3 sensores sísmicos.";;;;;
;NÃO INICIADO;2025-09-15;MARCELA;AG 0118 PARANAGUA-PR;SABRINA;Novo Alto atendimento;Maicon Mendes;Reinstalação Parcial;"15/09/2025 às 09h- Ativar1 sirene no abastecimento/manutenção; Ativar 03 geradores de neblina os sensores sísmicos de 4 CEI e 2 REC RM4 no AA30H e AA06H.";;;;;
;NÃO INICIADO;2025-09-12;MARCELA;AG 0118 PARANAGUA-PR;SABRINA;Novo Alto atendimento;Maicon Mendes;Desinstalação Parcial;"12/09/2025 até às 18h - Desativar 1 sirene no abastecimento/manutenção; Desativar 03 geradores de neblina e os sensores sísmicos de 8 CEI no AA30H e AA06H.";;;;;
;NÃO INICIADO;2025-09-15;MARCELA;PERSONNALITE 7824 BH LOURDES;ROSEANE;Demanda Pontual;Eduardo Duarte;Reinstalação Parcial;15.09 às 09:00 - Reinstalação de 01 SENSOR SÍSMICO de 01 TCR e Instalação de 01 SENSOR SÍSMICO (acréscimo) de 01 TCR acrescentado nos GUICHÊS.;;;;;
;NÃO INICIADO;2025-09-12;MARCELA;PERSONNALITE 7824 BH LOURDES;ROSEANE;Demanda Pontual;Eduardo Duarte;Desinstalação Parcial;"12.09 às 17:00 - Desinstalação de 01 SENSOR SÍSMICO do TCR existente para remanejamento;";;;;;
;NÃO INICIADO;2025-09-15;MARCELA;AG 0009 CAMPINAS-SP;SABRINA;Novo Alto atendimento;Fabio Barbosa;Reinstalação Parcial;Dia 15/09/2025 – 10H – reinstalar 12 sísmicos.;;;;;
;NÃO INICIADO;2025-09-12;MARCELA;AG 0009 CAMPINAS-SP;SABRINA;Novo Alto atendimento;Fabio Barbosa;Desinstalação Parcial;Dia 12/09/2025 – 18H – desinstalar 13 sísmicos.;;;;;
;NÃO INICIADO;2025-09-12;MARCELA;AG 4278 PIRACICABA-AV INDEPENDENCIA;GILSON;Espaço Itaú;Jose Fonrozo;Desinstalação Total;"12/09/2025 – sexta-feira – 16hrs
Desinstalar: BATERIA DE CAIXAS
02 sísmicos TCR – em definitivo (recolher) – excluir zonas";;;;;
;NÃO INICIADO;2025-09-12;MARCELA;PAB 9046 RIB PRETO RJ REFRESCO;DANILO;Unificadas;Leandro Prata;Reinstalação Parcial;"Favor seguir com a modernização.
No dia 12/09/2025 – Instalar 02 câmeras internas + 01 NVR 16 canais.";;;;;
;NÃO INICIADO;2025-09-12;MARCELA;AG 0546 CAMPINAS-MORAES SALLES;GILSON;Espaço Itaú;Fabio Barbosa;Desinstalação Total;"12/09/2025 – sexta-feira – 16hrs
Desinstalar: BATERIA DE CAIXAS
02 sísmicos TCR – em definitivo (recolher) – excluir zonas";;;;;
;NÃO INICIADO;2025-09-19;MARCELA;AG 3847 AMPERE-PR;SABRINA;Porta Giratória;Rafael Dimitrius;Reinstalação Parcial;"Ativação da porta giratória	SEGURANÇA	21/09/2025 a partir das 14h";;;;;
;FINALIZADA;2025-09-19;MARCELA;AG 3847 AMPERE-PR;ANDRESSA;Porta Giratória;Rafael Dimitrius;Desinstalação Parcial;"Desativação da porta giratória	SEGURANÇA	19/09/2025 a partir das 16h";;;2025-09-19;;
;NÃO INICIADO;2025-09-22;MARCELA;AG 0937 BELO HORIZONTE-AV. DOM PEDRO II;SABRINA;Empreenda;Eduardo Duarte;Reinstalação Parcial;"REINSTALAR
 DIA 22/09 APÓS AS 9 H
- 5 CAMERAS
- 5 SENSORES

OBS.: deixar em estoque 2 controle de acesso.

Aguardo status de cada demanda, termo de vistoria assinado pela construtora e os books.";;;;;
;NÃO INICIADO;2025-09-19;MARCELA;AG 0937 BELO HORIZONTE-AV. DOM PEDRO II;SABRINA;Empreenda;Eduardo Duarte;Desinstalação Parcial;"Seguir com a demanda: 
DESINSTALAR - 
DIA 19/09 APÓS AS 18 H
- 5 CAMERAS
- 5 SENSORES
- 2 CONTROLE DE ACESSO";;;;;
;NÃO INICIADO;2025-09-18;MARCELA;AG 0623 RIBEIRAO PRETO-AV SAUDADE;DANILO;Unificadas;Leandro Prata;Reinstalação Parcial;"No dia 18/09/2025 às 09h

	Realizar vistoria de infra
	Fornecer e instalar a(s) câmera(s) n° 44 (Dori-PG) e 45 (Dori-SIF) - Modelo da câmera a ser instalada:  FD9388-HTV CÂMERA OUTDOOR FIXED DOME, 5MP 20FPS, H.265/H.264 - NO AUDIO
	Fornecer e instalar a(s) câmera(s) n° 23 (escudo/cofre b40)
	Ajustar posição da câmera abaixo para pegar todo o cofre CBL
o	 
	Verificar se há alguma infra para câmera no local que não constam no layout e nos avisar para ver a necessidade de instalação de novas câmeras
	Verificar se as demais câmeras contempladas na normativa estão adequadas ao que é exigido pela Polícia Federal";;;;;
;NÃO INICIADO;2025-09-19;MARCELA;PAB 2382 N HTE U S JOSE ESTIVA;SABRINA;PAB;Leandro Prata;Reinstalação Parcial;"•	REINSTALAR 02 CEI SÍSMICOS NO DIA 19/09/2025 às 09:00h";;;;;
;NÃO INICIADO;2025-09-15;MARCELA;PAB 2382 N HTE U S JOSE ESTIVA;SABRINA;PAB;Leandro Prata;Desinstalação Parcial;"•	DESINSTALAR 02 CEI SÍSMICOS NO DIA 15/09/2025 às 09:00h";;;;;
;NÃO INICIADO;2025-09-10;MARCELA;PAB 3981 CURITIBA ASSEMBLEIA;ROSEANE;PAB;Maicon Mendes;Vistoria Partida;"Segue programação:

10/09 - Realizar vistoria para levantar quais equipamentos estão faltando (acréscimo), pós-reforma.";;;;;
;NÃO INICIADO;2025-09-15;GIOVANA;AG 0678 ANGRA DOS REIS-RJ;WILLIAM;Commbox;Gilmar Brito;Vistoria Partida;Até dia 15/09 - Realizar vistoria de infra para instalação da Commbox / controle de acesso.;;;;;
;NÃO INICIADO;2025-09-15;GIOVANA;AG 9166 RIO HELDER CAMARA;WILLIAM;Commbox;Jefferson Bittar;Vistoria Partida;Até dia 15/09 - Realizar vistoria de infra para instalação da Commbox / controle de acesso.;;;;;
;NÃO INICIADO;2025-09-08;GIOVANA;AG 4261 RIO DAS OSTRAS-JARDIM MARILEA;WILLIAM;Commbox;Francisco Gilney;Vistoria Partida;Dia 08/09 - Realizar vistoria de infra para instalação da Commbox/controle de acesso.;;;;;
;NÃO INICIADO;2025-09-08;GIOVANA;AG 6025 NOVA FRIBURGO-OLARIA;WILLIAM;Commbox;Matheus Vieira;Vistoria Partida;Realizar vistoria de infra para instalação da Commbox/controle de acesso;;;;;
;NÃO INICIADO;2025-09-08;GIOVANA;AG 6696 DUQUE DE CAXIAS-AV. EXPEDICIONARIO;WILLIAM;Commbox;Francisco Gilney;Vistoria Partida;Realizar vistoria de infra para instalação da Commbox / controle de acesso;;;;;
;NÃO INICIADO;2025-09-08;GIOVANA;AG 6097 CABO FRIO-BOULEVARD CANAL;WILLIAM;Commbox;Francisco Gilney;Vistoria Partida;Realizar vistoria de infra para instalação da Commbox / controle de acesso;;;;;
;NÃO INICIADO;2025-09-08;GIOVANA;AG 4556 QUEIMADOS-RJ;WILLIAM;Commbox;Francisco Gilney;Vistoria Partida;Realizar vistoria de infra para instalação da Commbox / controle de acesso;;;;;
;NÃO INICIADO;2025-09-08;GIOVANA;AG 6087 PARAIBA DO SUL-RJ;WILLIAM;Commbox;Matheus Vieira;Vistoria Partida;Até  08/09 - Realizar vistoria de infra para instalação da Commbox/controle de acesso.;;;;;
;NÃO INICIADO;2025-09-08;GIOVANA;AG 7953 RIO-CAMPO GRANDE ESTRADA DO MENDANHA;WILLIAM;Commbox;Jefferson Bittar;Vistoria Partida;Até dia 08/09 - Realizar vistoria de infra para instalação da Commbox / controle de acesso.;;;;;
;NÃO INICIADO;2025-09-08;GIOVANA;AG 6080 PARACAMBI-RJ;WILLIAM;Commbox;Jefferson Bittar;Vistoria Partida;Dia 08/09 - Realizar vistoria de infra para instalação da Commbox/controle de acesso;;;;;
;NÃO INICIADO;2025-09-08;GIOVANA;AG 6098 BARRA DE SÃO JOAO-RJ;WILLIAM;Commbox;Francisco Gilney;Vistoria Partida;Até  08/09 - Realizar vistoria de infra para instalação da Commbox/controle de acesso.;;;;;
;NÃO INICIADO;2025-09-10;GIOVANA;AG 4844 BOM JARDIM-RJ;WILLIAM;Commbox;Pedro Paulo;Vistoria Partida;Dia 10/09 - Realizar vistoria de infra para instalação da Commbox/controle de acesso.;;;;;
;NÃO INICIADO;2025-09-29;GIOVANA;AG 0311 RIO-LARGO HUMAITA;WILLIAM;Commbox;Francisco Gilney;Vistoria Partida;Até dia 10/09 - Realizar vistoria de infra para instalação da Commbox / controle de acesso.;;;;;
;NÃO INICIADO;2025-09-12;GIOVANA;AG 6553 ITABORAI-CENTRO;WILLIAM;Commbox;Francisco Gilney;Vistoria Partida;Até dia 12/09 - Realizar vistoria de infra para instalação da Commbox / controle de acesso;;;;;
;NÃO INICIADO;2025-09-15;MARCELA;AG 7932 RIO NEGRINHO-SC;ROSEANE;Unificadas;Filipe Marinho ;Reinstalação Parcial;DIA 15/09/25 AS 09:00H – CÂMERA 12, 14 E 15 DESATIVA E REATIVA. / ACRÉSCIMOS DE 4 SENSORES CAIXAS E ATENDIMENTO /  ATIVAR 1 GER NEBLINA /2 SÍSMICOS AA / 1 acréscimo de 1 sísmico /1 SENSOR AA / 1 BIOMETRIA.;;;;;
;NÃO INICIADO;2025-09-12;MARCELA;AG 7932 RIO NEGRINHO-SC;ROSEANE;Moderzinação;Filipe Marinho ;Desinstalação Parcial;DIA 12/09/25 AS 18:00H - DESATIVAR 4 CÂMERAS ocultas em novas posições(2,3,4 E 5) + 1 SENSOR AA + 2 SÍSMICOS CEI + 01 GER NEBLINA + 1 ÁUDIO DESATIVAÇÃO DEFINITIVA + 1 BIOMETRIA + CÂMERA 12, 14 E 15 DESATIVA E REATIVA. ;;;;;
;FINALIZADA;2025-09-19;MARCELA;AG 0560 ITATIBA-SP;DANILO;Unificadas;Paulo Falcon;Reinstalação Parcial;"
	Realizar vistoria de infra
	Fornecer e instalar a(s) câmera(s) n° 30 (Dori-PG) e 31 (Dori-SIF) - Modelo da câmera a ser instalada:  FD9388-HTV CÂMERA OUTDOOR FIXED DOME, 5MP 20FPS, H.265/H.264 - NO AUDIO
	Fornecer e instalar a(s) câmera(s) n° 28 (escudo)
	Verificar se há alguma infra para câmera no local que não constam no layout e nos avisar para ver a necessidade de instalação de novas câmeras
	Verificar se as demais câmeras contempladas na normativa estão adequadas ao que é exigido pela Polícia Federal";;;2025-09-19;;
;NÃO INICIADO;2025-09-19;MARCELA;AG 5255 EUGENOPOLIS-MG;DANILO;Unificadas;Pedro Paulo;Reinstalação Parcial;"	Realizar vistoria de infra
	Fornecer e instalar a(s) câmera(s) n° 15 (Dori-PG) e 16 (Dori-SIF) - Modelo da câmera a ser instalada:  FD9388-HTV CÂMERA OUTDOOR FIXED DOME, 5MP 20FPS, H.265/H.264 - NO AUDIO
	Fornecer e instalar a(s) câmera(s) n° 17 (posição do vigilante)
	Verificar a necessidade de fornecimento e instalação de switch
	Verificar se há alguma infra para câmera no local que não constam no layout e nos avisar para ver a necessidade de instalação de novas câmeras
	Verificar se as demais câmeras contempladas na normativa estão adequadas ao que é exigido pela Polícia Federal

Importante! 
Não substituir nenhum ponto de câmera existente.";;;;;
;NÃO INICIADO;2025-09-19;MARCELA;AG 3149 MARIANA-MG;DANILO;Unificadas;Jose Vieira;Reinstalação Parcial;"	Realizar vistoria de infra
	Fornecer e instalar a(s) câmera(s) n° 38 (Dori-PG) e 39 (Dori-SIF) - Modelo da câmera a ser instalada:  FD9388-HTV CÂMERA OUTDOOR FIXED DOME, 5MP 20FPS, H.265/H.264 - NO AUDIO
	Verificar se há alguma infra para câmera no local que não constam no layout e nos avisar para ver a necessidade de instalação de novas câmeras
	Verificar se as demais câmeras contempladas na normativa estão adequadas ao que é exigido pela Polícia Federal";;;;;
;NÃO INICIADO;2025-09-11;MARCELA;AG 5112 DIVINO-MG;WILLIAM;Commbox;Pedro Paulo;Vistoria Partida;Realizar Vistoria para validar cabeamento da Commbox;;;;;
;NÃO INICIADO;2025-09-11;MARCELA;AG 3149 MARIANA-MG;WILLIAM;Commbox;Jose Vieira;Vistoria Partida;Realizar Vistoria para validar cabeamento da Commbox;;;;;
;NÃO INICIADO;2025-09-08;MARCELA;AG 0513 SOROCABA-CERRADO;GILSON;Demanda Pontual;Darcio Fernandes;Reinstalação Parcial;01 biometria na porta do backoffice;;;;;
